project_id,project_name,notice_type,notice_no,data_source,record_id,bid_reference_no,contract_url,country,year_awarded,date_awarded,awarded_date,sector,sector_reclassify,project_type,procurement_channel,funding_source,financing_linked_to_bid,financing_source_chinese,contract_value_usd,contract_currency,contract_amount,contract_duration_original_unit,contract_duration_original,contract_duration_days,winning_firm_name,winning_firm_name_zh,winning_firm_code,winning_firm_country,winning_firm_is_chinese,winning_firm_is_soe,joint_venture,firm_registered_locally
P177741,Guyana Strengthening Human Capital through Education Project,Contract,1854180,World Bank,1854180,GY-MOE-400689-CW-RFB,https://projects.worldbank.org/en/projects-operations/contractoverview/1854180,Guyana,2025,2025-07-31,2025-07-31,Education,Education,Works,Project procurement contracts,,,,3590053.98,,,,,,SHANDONG HIGH- SPEED DEJIAN GROUP LIMITED,山东高速德建集团有限公司,951020,China,1,1,0,0.0
P177741,Guyana Strengthening Human Capital through Education Project,Contract,1854432,World Bank,1854432,GY-MOE-465937-CW-RFB,https://projects.worldbank.org/en/projects-operations/contractoverview/1854432,Guyana,2025,2025-06-23,2025-06-23,Education,Education,Works,Project procurement contracts,,,,12825508.27,,,,,,POWERCHINA JIANGXI ELECTRIC POWER CONSTRUCTION COMPANY LIMITED,中国电力建设集团有限公司江西电力建设分公司,951030,China,1,1,0,0.0
P167339,Sint Maarten Emergency Recovery Project I,Contract,1834786,World Bank,1834786,SX-NRPB-387097-CW-RFB-1,https://projects.worldbank.org/en/projects-operations/contractoverview/1834786,St Maarten,2025,2025-04-15,2025-04-15,Public Admin; Energy & Extractives; Water/Sanit/Waste; Industry & Trade/Ser,"Water, Sanitation & Waste",Works,Project procurement contracts,,,,5111083.31,,,,,,ZHENJIANG NO.2 CONSTRUCTION ENGINEERING CO. LTD,镇江市第二建筑工程有限公司,804878,China,1,1,0,0.0
P167339,Sint Maarten Emergency Recovery Project I,Contract,1818274,World Bank,1818274,SX-NRPB-386118-CW-RFB,https://projects.worldbank.org/en/projects-operations/contractoverview/1818274,St Maarten,2025,2025-01-06,2025-01-06,Public Admin; Energy & Extractives; Water/Sanit/Waste; Industry & Trade/Ser,"Water, Sanitation & Waste",Works,Project procurement contracts,,,,3583836.72,,,,,,ZHENJIANG NO.2 CONSTRUCTION ENGINEERING CO. LTD,镇江市第二建筑工程有限公司,752542,China,1,1,0,0.0
P167339,Sint Maarten Emergency Recovery Project I,Contract,1818269,World Bank,1818269,SX-NRPB-386924-CW-RFB,https://projects.worldbank.org/en/projects-operations/contractoverview/1818269,St Maarten,2025,2025-01-06,2025-01-06,Public Admin; Energy & Extractives; Water/Sanit/Waste; Industry & Trade/Ser,"Water, Sanitation & Waste",Works,Project procurement contracts,,,,3999995.59,,,,,,ZHENJIANG NO.2 CONSTRUCTION ENGINEERING CO. LTD,镇江市第二建筑工程有限公司,804878,China,1,1,0,0.0
P163345,Supporting Effective Universal Health Coverage in Argentina,Contract,1836455,World Bank,1836455,AR-MSAL-200462-GO-RFB,https://projects.worldbank.org/en/projects-operations/contractoverview/1836455,Argentina,2024,2024-05-28,2024-05-28,Health,Health,Goods,Project procurement contracts,,,,337500.0,,,,,,NINGBO DAVID MEDICAL DEVICE CO. LIMITED,宁波大卫医疗器械有限公司,614203,China,1,0,0,0.0
P163345,Supporting Effective Universal Health Coverage in Argentina,Contract,1836449,World Bank,1836449,AR-MSAL-200462-GO-RFB,https://projects.worldbank.org/en/projects-operations/contractoverview/1836449,Argentina,2024,2024-05-20,2024-05-20,Health,Health,Goods,Project procurement contracts,,,,652000.0,,,,,,VINNO TECHNOLOGY CO.,飞依诺科技有限公司,724378,China,1,0,0,0.0
P171833,Unleashing the Blue Economy of the Caribbean (UBEC),Contract,1834577,World Bank,1834577,GD-MOIID-380067-GO-DIR,https://projects.worldbank.org/en/projects-operations/contractoverview/1834577,Caribbean,2024,2024-01-04,2024-01-04,,Agriculture,Goods,Project procurement contracts,,,,14582.0,,,,,,INFITEK CO LTD,英菲泰克有限公司,823020,China,1,0,0,0.0
P159519,Guyana Education Sector Improvement Project,Contract,1802525,World Bank,1802525,GESIP/RFB/CW-1,https://projects.worldbank.org/en/projects-operations/contractoverview/1802525,Guyana,2023,2023-11-14,2023-11-14,Education,Education,Works,Project procurement contracts,,,,4576224.6,,,,,,SHANDONG HIGH- SPEED DEJIAN GROUP LIMITED,山东高速德建集团有限公司,951020,China,1,1,0,0.0
P164257,Promoting Community-based Climate Resilience in the Fisheries Sector,Contract,1766356,World Bank,1766356,JM-MICAF-368948-GO-RFQ,https://projects.worldbank.org/en/projects-operations/contractoverview/1766356,Jamaica,2023,2023-09-25,2023-09-25,Agriculture,Agriculture,Goods,Project procurement contracts,,,,52245.0,,,,,,ZHENGZHOU RUNXIANG MACHINERY EQUIPMENT,郑州润祥机械设备,830891,China,1,0,0,0.0
P171528,Caribbean Digital Transformation Project,Contract,1733320,World Bank,1733320,SVGCARDTP-C-CQS-2,https://projects.worldbank.org/en/projects-operations/contractoverview/1733320,Caribbean,2022,2022-06-27,2022-06-27,Info & Communication,Digital Economy & ICT,Consultant Services,Project procurement contracts,,,,120000.0,,,,,,CONSULTANCY ASSOCIATES,顾问助理,739740,China,1,0,0,0.0
P167974,Sint Maarten Airport Terminal Reconstruction Project,Contract,1695737,World Bank,1695737,SX-PJIAE-236385-GO-RFB,https://projects.worldbank.org/en/projects-operations/contractoverview/1695737,St Maarten,2022,2022-04-20,2022-04-20,Transportation,Infrastructure & Energy,Goods,Project procurement contracts,,,,2843896.0,,,,,,CIMC-TIANDA NETHERLANDS COOPERATIEF U.A. (NETHERLANDS); SHENZHEN CIMC-TIANDA AIRPORT SUPPORT LTD.,中集天阳集团有限公司,648124; 648131,Netherlands; China,1,1,1,0.0
P175268,Guyana COVID-19 Emergency Response Project,Contract,1762183,World Bank,1762183,GY-G-COVID FTO-278205-GO-DIR,https://projects.worldbank.org/en/projects-operations/contractoverview/1762183,Guyana,2021,2021-12-20,2021-12-20,Health,Health,Goods,Project procurement contracts,,,,26821.0,,,,,,SINOPHARM FORTUNE INTERNATIONAL TRADING CORP,中国医药集团有限公司国际贸易分公司,764868,China,1,1,0,0.0
P173773,Ecuador COVID-19 Emergency Response and Vaccination Project,Contract,1667973,World Bank,1667973,EC-MPH-DFA-246372-GO-DIR,https://projects.worldbank.org/en/projects-operations/contractoverview/1667973,Ecuador,2021,2021-07-31,2021-07-31,Health,Health,Goods,Project procurement contracts,,,,53005000.0,,,,,,"SINOVAC LIFE SCIENCES CO., LTD.",北京科兴中维,599855,China,1,0,0,0.0
P173989,Republic of Trinidad and Tobago: COVID-19 EMERGENCY RESPONSE PROJECT,Contract,1802841,World Bank,1802841,TT-MOH-348518-GO-DIR,https://projects.worldbank.org/en/projects-operations/contractoverview/1802841,Trinidad and Tobago,2021,2021-06-29,2021-06-29,Health,Health,Goods,Project procurement contracts,,,,7500000.0,,,,,,China National Biotec Group Company Limited,中国生物技术集团有限公司,637472,China,1,1,0,0.0
P175268,Guyana COVID-19 Emergency Response Project,Contract,1716506,World Bank,1716506,GY-G-COVID FTO-296098-GO-DIR,https://projects.worldbank.org/en/projects-operations/contractoverview/1716506,Guyana,2021,2021-06-09,2021-06-09,Health,Health,Goods,Project procurement contracts,,,,1500000.0,,,,,,SINOPHARM INTERNATIONAL HONG KONG LIMITED,国药控股香港有限公司,660752,China,1,0,0,0.0
P173989,Republic of Trinidad and Tobago: COVID-19 EMERGENCY RESPONSE PROJECT,Contract,1802842,World Bank,1802842,TT-MOH-348548-GO-DIR,https://projects.worldbank.org/en/projects-operations/contractoverview/1802842,Trinidad and Tobago,2021,2021-06-06,2021-06-06,Health,Health,Goods,Project procurement contracts,,,,173432.0,,,,,,China National Biotec Group Company Limited,中国生物技术集团有限公司,637472,China,1,1,0,0.0
P173872,El Salvador COVID-19 Emergency Response Project,Contract,1708728,World Bank,1708728,RECOVID-88-DIR-GO,https://projects.worldbank.org/en/projects-operations/contractoverview/1708728,El Salvador,2021,2021-03-10,2021-03-10,Health,Health,Goods,Project procurement contracts,,,,35600000.0,,,,,,"SINOVAC LIFE SCIENCES CO., LTD.",北京科兴中维,599855,China,1,0,0,0.0
P173872,El Salvador COVID-19 Emergency Response Project,Contract,1708381,World Bank,1708381,RECOVID-91-DIR-GO,https://projects.worldbank.org/en/projects-operations/contractoverview/1708381,El Salvador,2021,2021-03-10,2021-03-10,Health,Health,Goods,Project procurement contracts,,,,35000000.0,,,,,,"SINOVAC LIFE SCIENCES CO., LTD.",北京科兴中维,599855,China,1,0,0,0.0
P173872,El Salvador COVID-19 Emergency Response Project,Contract,1690767,World Bank,1690767,RECOVID-49-DIR-GO-2,https://projects.worldbank.org/en/projects-operations/contractoverview/1690767,El Salvador,2021,2021-03-10,2021-03-10,Health,Health,Goods,Project procurement contracts,,,,30000000.0,,,,,,"SINOVAC LIFE SCIENCES CO., LTD.",北京科兴中维,599855,China,1,0,0,0.0
P132505,Cusco Transport Improvement Project,Contract,1640793,World Bank,1640793,PE-COPESCO-157324-CW-RFB,https://projects.worldbank.org/en/projects-operations/contractoverview/1640793,Peru,2020,2020-12-29,2020-12-29,Public Admin; Transportation,Public Admin & Governance,Works,Project procurement contracts,,,,80459594.59,,,,,,China Gezhouba Group Company Limited,中国格洲坝集团有限公司,509146,China,1,1,0,0.0
P173773,Ecuador COVID-19 Emergency Response and Vaccination Project,Contract,1629574,World Bank,1629574,EC-MPH-DFA-186835-GO-DIR,https://projects.worldbank.org/en/projects-operations/contractoverview/1629574,Ecuador,2020,2020-08-10,2020-08-10,Health,Health,Goods,Project procurement contracts,,,,8123688.0,,,,,,COMMANDER HEALTH SUPPLY,指挥官生命值供应,516714,China,1,0,0,0.0
P173861,Honduras COVID-19 Emergency Response Project,Contract,1623204,World Bank,1623204,HN-INVEST-H-174944-GO-DIR,https://projects.worldbank.org/en/projects-operations/contractoverview/1623204,Honduras,2020,2020-06-24,2020-06-24,,Health,Goods,Project procurement contracts,,,,9982525.0,,,,,,China MEHECO Corporation,中国医药对外贸易总公司,492465,China,1,1,0,0.0
P173767,AR: COVID-19 Emergency Response Project,Contract,1620208,World Bank,1620208,GO-DIR-12-2020,https://projects.worldbank.org/en/projects-operations/contractoverview/1620208,Argentina,2020,2020-06-15,2020-06-15,Health,Health,Goods,Project procurement contracts,,,,9864698.26,,,,,,China MEHECO Corporation,中国医药对外贸易总公司,492465,China,1,1,0,0.0
P173811,Haiti COVID-19 Response,Contract,1630969,World Bank,1630969,HT-AF-HEALTH-188378-GO-DIR,https://projects.worldbank.org/en/projects-operations/contractoverview/1630969,Haiti,2020,2020-06-10,2020-06-10,Health,Health,Goods,Project procurement contracts,,,,1020000.0,,,,,,China MEHECO Corporation,中国医药对外贸易总公司,492465,China,1,1,0,0.0
P147277,Distribution Grid Modernization and Loss Reduction Project,Contract,1607231,World Bank,1607231,B-3-6-A-Lote2,https://projects.worldbank.org/en/projects-operations/contractoverview/1607231,Dominican Republic,2020,2020-06-09,2020-06-09,Energy & Extractives,Infrastructure & Energy,Goods,Project procurement contracts,,,,18861.17,,,,,,"Hexing Electrical Co.,Ltd",和兴电气有限公司,162520,China,1,0,0,0.0
P147277,Distribution Grid Modernization and Loss Reduction Project,Contract,1607230,World Bank,1607230,B-3-6-A-Lote1,https://projects.worldbank.org/en/projects-operations/contractoverview/1607230,Dominican Republic,2020,2020-06-09,2020-06-09,Energy & Extractives,Infrastructure & Energy,Goods,Project procurement contracts,,,,283871.1,,,,,,"Hexing Electrical Co.,Ltd",和兴电气有限公司,162520,China,1,0,0,0.0
P147277,Distribution Grid Modernization and Loss Reduction Project,Contract,1607216,World Bank,1607216,B-3-6-A-Lote3,https://projects.worldbank.org/en/projects-operations/contractoverview/1607216,Dominican Republic,2020,2020-06-09,2020-06-09,Energy & Extractives,Infrastructure & Energy,Goods,Project procurement contracts,,,,146183.95,,,,,,"Hexing Electrical Co.,Ltd",和兴电气有限公司,162520,China,1,0,0,0.0
P173767,AR: COVID-19 Emergency Response Project,Contract,1620679,World Bank,1620679,GO-DIR-06-2020,https://projects.worldbank.org/en/projects-operations/contractoverview/1620679,Argentina,2020,2020-04-16,2020-04-16,Health,Health,Goods,Project procurement contracts,,,,2395750.0,,,,,,SHENZHEN SED INDUSTRY CO.,深圳市桑达实业股份有限公司,497011,China,1,1,0,0.0
P173767,AR: COVID-19 Emergency Response Project,Contract,1615872,World Bank,1615872,GO-DIR-05-2020,https://projects.worldbank.org/en/projects-operations/contractoverview/1615872,Argentina,2020,2020-04-13,2020-04-13,Health,Health,Goods,Project procurement contracts,,,,400000.0,,,,,,INTCO MEDICAL (HK) CO.,英科医疗（香港）有限公司,487362,China,1,0,0,0.0
P173767,AR: COVID-19 Emergency Response Project,Contract,1615865,World Bank,1615865,GO-DIR-04-2020,https://projects.worldbank.org/en/projects-operations/contractoverview/1615865,Argentina,2020,2020-04-13,2020-04-13,Health,Health,Goods,Project procurement contracts,,,,660600.0,,,,,,): SHANGHAI TO-ALL FOREIGN TRADING CO,): 上海通全对外贸易有限公司,487309,China,1,0,0,0.0
P173767,AR: COVID-19 Emergency Response Project,Contract,1615710,World Bank,1615710,GO-DIR-03-2020,https://projects.worldbank.org/en/projects-operations/contractoverview/1615710,Argentina,2020,2020-04-13,2020-04-13,Health,Health,Goods,Project procurement contracts,,,,238200.0,,,,,,BESTLUCK ENTERPRISE,百事达企业,487051,China,1,0,0,0.0
P106735,Provincial Public Health Insurance Development Project,Contract,1606341,World Bank,1606341,AR-MSAL-71694-GO-RFB Lote 1,https://projects.worldbank.org/en/projects-operations/contractoverview/1606341,Argentina,2019,2019-12-09,2019-12-09,Health,Health,Goods,Project procurement contracts,,,,382000.0,,,,,,CHISON MEDICAL TECHNOLOGIES CO,中山医疗科技有限公司,431235,China,1,0,0,0.0
P132515,Support to the Subnational Transport Program Project,Contract,1616717,World Bank,1616717,PE-PROVIAS-163546-CW-RFB,https://projects.worldbank.org/en/projects-operations/contractoverview/1616717,Peru,2019,2019-09-27,2019-09-27,Transportation,Infrastructure & Energy,Works,Project procurement contracts,,,,2283636.21,,,,,,"Jagui S.A.C.; Weihai Construction Group Co., Ltd.",威海建设集团有限公司,489050; 489096,Peru; China,1,1,1,0.0
P106735,Provincial Public Health Insurance Development Project,Contract,1580217,World Bank,1580217,AR-PHIP-640-B-LPI,https://projects.worldbank.org/en/projects-operations/contractoverview/1580217,Argentina,2018,2018-12-10,2018-12-10,Health,Health,Goods,Project procurement contracts,,,,240785.07,,,,,,SHENZHEN MINDRAY BIO-MEDICAL ELECTRONIC CO.,深圳市迈瑞生物医药电子有限公司,542139,China,1,0,0,0.0
P152281,Santa Cruz Road Corridor Connector Project (San Ignacio - San Jose),Contract,1562978,World Bank,1562978,ABC Nro 711/18 GNT-SCT-MRH-BM,https://projects.worldbank.org/en/projects-operations/contractoverview/1562978,Bolivia,2018,2018-09-11,2018-09-11,Transportation,Infrastructure & Energy,Works,Project procurement contracts,,,,112041241.23,,,,,,China State Construction Engineering Corporation Limited,四、中国建筑工程总公司,406543,China,1,1,0,0.0
P106752,Unleashing Productive Innovation Project,Contract,1562888,World Bank,1562888,8634 - AR-MINCYT-28511-GO-RFB,https://projects.worldbank.org/en/projects-operations/contractoverview/1562888,Argentina,2018,2018-07-05,2018-07-05,Info & Communication; Education; Industry & Trade/Ser,Education,Goods,Project procurement contracts,,,,2402000.0,,,,,,LENOVO GLOBAL TECHNOLOGY HK LIMITED,联想环球科技香港有限公司,369143,China,1,0,0,0.0
P101504,Second Bolsa Família,Contract,1566879,World Bank,1566879,3B23 -CS-SNPDH,https://projects.worldbank.org/en/projects-operations/contractoverview/1566879,Brazil,2018,2018-05-28,2018-05-28,Social Protection,,Consultant Services,Project procurement contracts,,,,25764.23,,,,,,INDIVIDUAL CONSULTANT,个人顾问,03ee2bf4e77f869d,China,1,0,0,0.0
P144597,BO Road Sector Capacity Development Project,Contract,1560811,World Bank,1560811,ABC No 495/18 GNT-SCV-MRH-BM,https://projects.worldbank.org/en/projects-operations/contractoverview/1560811,Bolivia,2018,2018-05-17,2018-05-17,Transportation,Infrastructure & Energy,Works,Project procurement contracts,,,,44871933.48,,,,,,CHINA HARBOUR ENGINEERING COMPANY LIMITED; CCCC SECOND HIGWAY ENGINEERING CO. LTD.,中国港湾工程有限公司；中交第二航运工程有限公司,346455; 346456,China; China,1,1,0,0.0
P144597,BO Road Sector Capacity Development Project,Contract,1560809,World Bank,1560809,ABC No 494/18 GNT-SCV-MRJ-BM,https://projects.worldbank.org/en/projects-operations/contractoverview/1560809,Bolivia,2018,2018-05-17,2018-05-17,Transportation,Infrastructure & Energy,Works,Project procurement contracts,,,,25877790.61,,,,,,CHINA HARBOUR ENGINEERING COMPANY LIMITED; CCCC SECOND HIGWAY ENGINEERING CO. LTD.,中国港湾工程有限公司；中交第二航运工程有限公司,346455; 346456,China; China,1,1,0,0.0
P152096,Supporting Education Reform in Targeted Circuits,Contract,1554457,World Bank,1554457,BIRF-8542-LPI-B-2016-001,https://projects.worldbank.org/en/projects-operations/contractoverview/1554457,Ecuador,2018,2018-04-12,2018-04-12,Education,Education,Goods,Project procurement contracts,,,,5893050.24,,,,,,HAIER INTERNATIONAL BUSSINESS CORPORATION LIMITED,海尔国际商务股份有限公司,349042,China,1,0,0,0.0
P117157,STRENGTHENING PUBLIC HEALTH CARE SYSTEM,Contract,1543474,World Bank,1543474,FSSPSV-281-LPI-B,https://projects.worldbank.org/en/projects-operations/contractoverview/1543474,El Salvador,2017,2017-02-03,2017-02-03,,Health,Goods,Project procurement contracts,,,,39157.44,,,,,,CONSORCIO JORMAR S.A.,CONSORCIO JORMAR S.A.,329063,China,1,0,0,0.0
P117157,STRENGTHENING PUBLIC HEALTH CARE SYSTEM,Contract,1543384,World Bank,1543384,No. FSSPSV-277-LPI-B,https://projects.worldbank.org/en/projects-operations/contractoverview/1543384,El Salvador,2016,2016-11-21,2016-11-21,,Health,Goods,Project procurement contracts,,,,2277836.83,,,,,,CONSORCIO JORMAR S.A.,CONSORCIO JORMAR S.A.,329063,China,1,0,0,0.0
P114971,PY Energy Sector Strengthening Project,Contract,1542734,World Bank,1542734,6560/2016,https://projects.worldbank.org/en/projects-operations/contractoverview/1542734,Paraguay,2016,2016-08-17,2016-08-17,Goods,Infrastructure & Energy,4970900.0,Project procurement contracts,,,,,,,,,NARI GROUP CORP.,95543,95543,China,1,,0,0,
P106735,Provincial Public Health Insurance Development Project,Contract,1535131,World Bank,1535131,PHIP-3-LPI-B-8,https://projects.worldbank.org/en/projects-operations/contractoverview/1535131,Argentina,2015,2015-11-09,2015-11-09,Health,Health,Goods,Project procurement contracts,,,,681742.0,,,,,,MR INVESTMENTS (HK) LIMITED,先生投资（香港）有限公司,322913,China,1,0,0,0.0
P117871,Regional Disaster Vulnerability Reduction APL1 - Grenada and St. Vincent and the Grenadines,Contract,1541158,World Bank,1541158,DVRP/NCBW/01,https://projects.worldbank.org/en/projects-operations/contractoverview/1541158,OECS Countries,2015,2015-08-05,2015-08-05,Public Admin; Transportation; Water/Sanit/Waste,"Water, Sanitation & Waste",Works,Project procurement contracts,,,,1096118.31,,,,,,JIANGSU GEOLOGY & ENGINEERING CO. LTD,江苏地质工程有限公司,113557,China,1,0,0,0.0
P114971,PY Energy Sector Strengthening Project,Contract,1530142,World Bank,1530142,764/2014,https://projects.worldbank.org/en/projects-operations/contractoverview/1530142,Paraguay,2015,2015-04-14,2015-04-14,,Infrastructure & Energy,Goods,Project procurement contracts,,,,776196.6,,,,,,NARI GROUP CORP.,南瑞集团有限公司,95543,China,1,1,0,0.0
P114971,PY Energy Sector Strengthening Project,Contract,1527391,World Bank,1527391,ANDE-BIRF N 756/2014,https://projects.worldbank.org/en/projects-operations/contractoverview/1527391,Paraguay,2015,2015-02-17,2015-02-17,,Infrastructure & Energy,Goods,Project procurement contracts,,,,3676416.67,,,,,,NARI GROUP CORPORATION,南瑞集团公司,186085,China,1,1,0,0.0
P114971,PY Energy Sector Strengthening Project,Contract,1527390,World Bank,1527390,ANDE-BIRF N 756/2014,https://projects.worldbank.org/en/projects-operations/contractoverview/1527390,Paraguay,2015,2015-02-17,2015-02-17,,Infrastructure & Energy,Goods,Project procurement contracts,,,,5664660.47,,,,,,NARI GROUP CORPORATION,南瑞集团公司,186085,China,1,1,0,0.0
P114971,PY Energy Sector Strengthening Project,Contract,1527389,World Bank,1527389,ANDE-BIRF N 756/2014,https://projects.worldbank.org/en/projects-operations/contractoverview/1527389,Paraguay,2015,2015-02-17,2015-02-17,,Infrastructure & Energy,Goods,Project procurement contracts,,,,2376304.23,,,,,,NARI GROUP CORPORATION,南瑞集团公司,186085,China,1,1,0,0.0
P106870,Improving Community and Family Health Care Services Project,Contract,1507024,World Bank,1507024,LPI 02/05/2011-Adquisicion Equip Basico,https://projects.worldbank.org/en/projects-operations/contractoverview/1507024,Nicaragua,2013,2013-03-28,2013-03-28,Health,Health,Goods,Project procurement contracts,,,,376160.0,,,,,,SHENZEN MINDRAY BIO-MEDICAL ELECTRONIC,深圳迈瑞生物医用电子,304538,China,1,0,0,0.0
P111996,Upgrading and Greening the Rio de Janeiro Urban Rail System,Contract,1327057,World Bank,1327057,No. 018/ASJUR/12,https://projects.worldbank.org/en/projects-operations/contractoverview/1327057,Brazil,2012,2012-10-24,2012-10-24,,Infrastructure & Energy,Goods,Project procurement contracts,,,,358482289.23,,,,,,"CHINA NATIONAL MACHINERY IMP & EXP-CMC; CNR CHANGCHUN RAILWAY VEHICLES CO, LTD",中国机械进出口集团有限公司；中国国铁集团长春车辆厂,172213; 172214,China; China,1,1,0,0.0
P090993,AR- Essential Public Health Functions,Contract,1325071,World Bank,1325071,FESP-292-B,https://projects.worldbank.org/en/projects-operations/contractoverview/1325071,Argentina,2012,2012-08-28,2012-08-28,Public Admin; Health,Health,Goods,Project procurement contracts,,,,897750.0,,,,,,SHENZHEN MINDRAY BIO-MEDICAL ELECTRONI,深圳迈瑞生物,191675,China,1,0,0,0.0
P111996,Upgrading and Greening the Rio de Janeiro Urban Rail System,Contract,1284880,World Bank,1284880,006/asjur/09,https://projects.worldbank.org/en/projects-operations/contractoverview/1284880,Brazil,2009,2009-06-23,2009-06-23,,Infrastructure & Energy,Goods,Project procurement contracts,,,,220483182.53,,,,,,"CHINA NATIONAL MACHINERY IMP & EXP-CMC; CNR CHANGCHUN RAILWAY VEHICLES CO, LTD",中国机械进出口集团有限公司；中国国铁集团长春车辆厂,172213; 172214,China; China,1,1,0,0.0
P077712,ST. LUCIA Education Development Project,Contract,1255975,World Bank,1255975,SL/WB-ICB-W-01/05(B) ANSE LA RAYE,https://projects.worldbank.org/en/projects-operations/contractoverview/1255975,St. Lucia,2005,2005-11-29,2005-11-29,Public Admin; Education,Education,Works,Project procurement contracts,,,,4208014.81,,,,,,CHINA NATIONAL COMPLETE PLANT IMPORT & EXPORT SHANGHAI CORPORATION,中国成套设备进出口股份有限公司,102864,China,1,1,0,0.0
P077712,ST. LUCIA Education Development Project,Contract,1256115,World Bank,1256115,SL/WB-ICB-W-01/05(A) GROS ISLET,https://projects.worldbank.org/en/projects-operations/contractoverview/1256115,St. Lucia,2005,2005-10-29,2005-10-29,Public Admin; Education,Education,Works,Project procurement contracts,,,,3865650.76,,,,,,CHINA NATIONAL COMPLETE PLANT IMPORT & EXPORT SHANGHAI CORPORATION; C.O. WILLIAMS (ST. LUCIA) LTD.,中国成套设备进出口集团有限公司；威廉姆斯公司（圣卢西亚）,102864; 139177,China; St. Lucia,1,1,1,0.0
P008177,Uruguay Power Transmission & Distribution Project,Contract,1240081,World Bank,1240081,FF31A HOLLEY GROPU CO. LTD.,https://projects.worldbank.org/en/projects-operations/contractoverview/1240081,Uruguay,2004,2004-04-02,2004-04-02,,Infrastructure & Energy,Goods,Project procurement contracts,,,,1457000.0,,,,,,HOLLEY CROPU CO. LTD,华立作物有限公司,118656,China,1,0,0,0.0
P007927,PY-Maternal Health and Child Development Project,Contract,1224257,World Bank,1224257,ARGON S.R.L. - 106/2.002N (LPI 01-2001),https://projects.worldbank.org/en/projects-operations/contractoverview/1224257,Paraguay,2002,2002-08-06,2002-08-06,Public Admin; Education; Health,Education,Goods,Project procurement contracts,,,,221760.85,,,,,,ST. FRANCIS MEDICAL; GEBRUDER MARTIN GMBH & CO. KG; HEINE,英石。弗朗西斯医疗；吉布德马丁有限公司；海涅,90079; 97788; 100523,China; Germany; Germany,1,0,1,0.0
P008177,Uruguay Power Transmission & Distribution Project,Contract,1215237,World Bank,1215237,"FF31, HOLLEY GROUP CO. LTD. (ITEM 2)",https://projects.worldbank.org/en/projects-operations/contractoverview/1215237,Uruguay,2002,2002-04-12,2002-04-12,,Infrastructure & Energy,Goods,Project procurement contracts,,,,65750.0,,,,,,HOLLEY GROUP CO. LTD.,华立集团有限公司,89346,China,1,1,0,0.0
P007927,PY-Maternal Health and Child Development Project,Contract,1211670,World Bank,1211670,"ARGON LOTE 4,5,;9,4; 12.2;15.3",https://projects.worldbank.org/en/projects-operations/contractoverview/1211670,Paraguay,2001,2001-06-27,2001-06-27,Public Admin; Education; Health,Education,Goods,Project procurement contracts,,,,126221.45,,,,,,ARGON; ST. FRANCIS MEDICAL,氩气；英石。方济各医疗,85513; 90079,Paraguay; China,1,0,1,0.0
SU-L1054,Health Services Improvement Project,,SUB0904,IDB,,,,SURINAME,2021,2021-11-19,,HEALTH SYSTEM STRENGTHENING,Health,Loan Operation,Direct Contracting/Selection,prism_goods,,,109400.0,,,,,,TIANJIN YORKOOL INT TRADI,天津优固国际贸易有限公司,CN,CHINA,1,0,0,
TT-L1039,Health Services Support Program,,TTA1788,IDB,,,,TRINIDAD AND TOBAGO,2020,2020-03-06,,HEALTH SYSTEM STRENGTHENING,Health,Loan Operation,Direct Contracting/Selection,prism_goods,,,290000.0,,,,,,BGI HEALTH (HK) CO. LTD,华大健康（香港）有限公司,CN,CHINA,1,0,0,
BO-L1190,Electricity Infrastructure Expansion Program,,BO-L1190-P00071-C02,IDB,,,,BOLIVIA,2025,2025-10-10,,NEW POWER DISTRIBUTION & TRANSMISSION PROJECTS,Infrastructure & Energy,Loan Operation,International Competitive Bidding,FI,,,609435.16,,,,,,"SHANDONG RUITAI GLASS INSULATOR CO.,LTD",山东瑞泰玻璃绝缘子有限公司,CN,CHINA,1,0,0,
SU-L1055,Consolidating a Sustainable Energy Sector,,SUA0378,IDB,,,,SURINAME,2023,2023-04-24,,RURAL ELECTRIFICATION,Infrastructure & Energy,Loan Operation,International Competitive Bidding,prism_goods,,,689813.0,,,,,,SINO SOAR HYBRID TECH CO,中翔混合动力科技有限公司,CN,CHINA,1,0,0,
BO-L1190,Electricity Infrastructure Expansion Program,,BO-L1190-P00064-C01,IDB,,,,BOLIVIA,2025,2025-04-04,,NEW POWER DISTRIBUTION & TRANSMISSION PROJECTS,Infrastructure & Energy,Loan Operation,International Competitive Bidding,FI,,,782352.85,,,,,,"SHENZHEN SDG INFORMATION CO., LTD.",深圳市特发信息股份有限公司,CN,CHINA,1,1,0,
SU-L1055,Consolidating a Sustainable Energy Sector,,SU-L1055-P00039-C01,IDB,,,,SURINAME,2023,2023-04-07,,RURAL ELECTRIFICATION,Infrastructure & Energy,Loan Operation,International Competitive Bidding,FI,,,869286.27,,,,,,"Sino Soar Hybrid (Beijing) Technology Co.,Ltd.",中翔混合动力（北京）科技有限公司,CN,CHINA,1,0,0,
BO-L1190,Electricity Infrastructure Expansion Program,,BO-L1190-P00071-C01,IDB,,,,BOLIVIA,2025,2025-10-10,,NEW POWER DISTRIBUTION & TRANSMISSION PROJECTS,Infrastructure & Energy,Loan Operation,International Competitive Bidding,FI,,,1048109.0,,,,,,"JIANGSU SHUANGHUI POWER DEVELOPMENT CO.,LTD.",江苏双汇电力发展有限公司,CN,CHINA,1,1,0,
PN-L1154,Comprehensive urban urban development program with tourist vocations,,PN-L1154-P0049-C02,IDB,,,,PANAMA,2025,2025-04-07,,URBAN LAND PLANNING AND MANAGEMENT,Infrastructure & Energy,Loan Operation,International Competitive Bidding,FI,,,1399300.0,,,,,,"YUTONG  BUS CO., LTD",宇通客车股份有限公司,CN,CHINA,1,0,0,
SU-L1055,Consolidating a Sustainable Energy Sector,,SU-L1055-P00038-C01,IDB,,,,SURINAME,2022,2022-11-23,,RURAL ELECTRIFICATION,Infrastructure & Energy,Loan Operation,International Competitive Bidding,FI,,,1778860.86,,,,,,"Sino Soar Hybrid (Beijing) Technology Co.,Ltd.",中翔混合动力（北京）科技有限公司,CN,CHINA,1,0,0,
BA-L1012,Deployment of Cleaner Fuels and Renewable Energies in Barbados,,BA-L1012-P00017-C01,IDB,,,,BARBADOS,2025,2025-01-30,,ENERGY SECTOR REHABILITATION AND EFFICIENCY,Infrastructure & Energy,Loan Operation,International Competitive Bidding,FI,,,2351703.3,,,,,,INSTEC-Sino Soar Consortium,中国科学院战略研究联合体,CN,CHINA,1,1,0,
SU-L1055,Consolidating a Sustainable Energy Sector,,SU-L1055-P00036-C02,IDB,,,,SURINAME,2023,2023-09-26,,RURAL ELECTRIFICATION,Infrastructure & Energy,Loan Operation,International Competitive Bidding,FI,,,2548146.0,,,,,,Power China Jhianxi electric power contruction co. Ltd.,国家电网有限公司江西分公司,CN,CHINA,1,1,0,
SU-L1046,Paramaribo Urban Rehabilitation Program,,SUA0332,IDB,,,,SURINAME,2019,2019-10-07,,URBAN REHABILITATION AND HERITAGE,Infrastructure & Energy,Loan Operation,International Competitive Bidding,prism_goods,,,3409251.0,,,,,,THE 23RD METALLURGICAL CO,中国冶金建设有限公司,CN,CHINA,1,1,0,
TT-L1055,Trinidad and Tobago National Water Sector Transformation Program,,TT-L1055-P00092-C01,IDB,,,,TRINIDAD AND TOBAGO,2025,2025-01-31,,WATER SUPPLY URBAN,"Water, Sanitation & Waste",Loan Operation,International Competitive Bidding,FI,,,5870462.39,,,,,,SINOHYDRO Corporation Limited,中国水电有限公司,CN,CHINA,1,1,0,
EC-L1223,Support for the Advancement of the Energy Matrix Transition in Ecuador,,ECA2876,IDB,,,,ECUADOR,2021,2021-05-18,,NEW POWER DISTRIBUTION & TRANSMISSION PROJECTS,Infrastructure & Energy,Loan Operation,International Competitive Bidding,prism_goods,,,6024168.0,,,,,,HENAN DINGLI POWER EQUIPM,河南鼎力动力设备有限公司,CN,CHINA,1,0,0,
EC-L1223,Support for the Advancement of the Energy Matrix Transition in Ecuador,,ECA2877,IDB,,,,ECUADOR,2021,2021-05-18,,NEW POWER DISTRIBUTION & TRANSMISSION PROJECTS,Infrastructure & Energy,Loan Operation,International Competitive Bidding,prism_goods,,,7261436.0,,,,,,HENAN DINGLI POWER EQUIPM,河南鼎力动力设备有限公司,CN,CHINA,1,0,0,
BO-L1190,Electricity Infrastructure Expansion Program,,BO-L1190-P00019-C01,IDB,,,,BOLIVIA,2024,2024-11-01,,NEW POWER DISTRIBUTION & TRANSMISSION PROJECTS,Infrastructure & Energy,Loan Operation,International Competitive Bidding,FI,,,7725322.86,,,,,,TBEA SHANDONG LUNENG TAISHAN CABLE CO. LTD,特变电工山东鲁能泰山电缆有限公司,CN,CHINA,1,0,0,
SU-L1052,Sustainable Agricultural Productivity Program,,SU-L1052-P00002-C01,IDB,,,,SURINAME,2024,2024-09-06,,IRRIGATION AND DRAINAGE,"Water, Sanitation & Waste",Loan Operation,International Competitive Bidding,FI,,,7789273.23,,,,,,Power China Jhianxi electric power contruction co. Ltd.,国家电网有限公司江西分公司,CN,CHINA,1,1,0,
PE-L1239,Improving Tax and Customs Revenue Collection Services Through Digital Transformation,,PEA7986,IDB,,,,PERU,2022,2022-03-14,,FISCAL POLICY FOR SUSTAINABILITY AND GROWTH,Digital Economy & ICT,Loan Operation,International Competitive Bidding,prism_goods,,,7900000.0,,,,,,NUCTECH COMPANY LIMITED,同方威视股份有限公司,CN,CHINA,1,0,0,
BO-L1190,Electricity Infrastructure Expansion Program,,BO-L1190-P00042-C01,IDB,,,,BOLIVIA,2024,2024-08-23,,NEW POWER DISTRIBUTION & TRANSMISSION PROJECTS,Infrastructure & Energy,Loan Operation,International Competitive Bidding,FI,,,8309935.75,,,,,,PINGGAO GROUP INTERNATIONAL ENGINEERING CO. LTD.,平高集团国际工程有限公司,CN,CHINA,1,1,0,
SU-L1054,Health Services Improvement Project,,SUA2213,IDB,,,,SURINAME,2023,2023-08-16,,HEALTH SYSTEM STRENGTHENING,Health,Loan Operation,,prism_cons,,,12845260.0,,,,,,THE 23RD METALLURGICAL CONSTRUCTION GROUP,第二十三冶金建设集团公司,CN,CHINA,1,1,0,
EC-L1257,Sustainable Management of Underground Resources and Associated Infrastructure,,ECA2895,IDB,,,,ECUADOR,2023,2023-12-27,,NEW OIL AND GAS AND EXTRACTIVE INDUSTRIES,Infrastructure & Energy,Loan Operation,International Competitive Bidding,prism_goods,,,13300000.0,,,,,,AVIC INT HOLDING CORP,中航国际控股股份有限公司,CN,CHINA,1,1,0,
EC-L1223,Support for the Advancement of the Energy Matrix Transition in Ecuador,,ECA2875,IDB,,,,ECUADOR,2021,2021-05-18,,NEW POWER DISTRIBUTION & TRANSMISSION PROJECTS,Infrastructure & Energy,Loan Operation,International Competitive Bidding,prism_goods,,,13782973.0,,,,,,CONSORCIOS LONGFOR,财团渴望,CN,CHINA,1,0,0,
SU-L1057,Improving Transport Logistics and Competitiveness in Suriname,,SU-L1057-P00036-C01,IDB,,,,SURINAME,2023,2023-11-16,,PORT INFRASTRUCTURE,"Industry, Trade & Finance",Loan Operation,International Competitive Bidding,FI,,,16689701.44,,,,,,Joint Venture: China Road and Bridge Corporation & Kuldipsingh Infra NV,中国路桥工程有限责任公司与库迪普辛格基础设施公司合资,CN,CHINA,1,1,0,
GY-L1080,Health Care Network Strengthening in Guyana,,GYB1390,IDB,,,,GUYANA,2024,2024-12-17,,HEALTH SYSTEM STRENGTHENING,Health,Loan Operation,National Competive Bidding,prism_goods,,,21269051.0,,,,,,PCI-SINOPHARMINTL CONSORT,中国医药集团国际联合体,CN,CHINA,1,1,0,
GY-G1007,Guyana Utility Scale Solar Photovoltaic Program (Guysol),,GY-G1007-P00003-C01,IDB,,,,GUYANA,2025,2025-05-21,,ENERGY EFFICIENCY AND RENEWABLE ENERGY IN END USE,Infrastructure & Energy,Investment Grants,International Competitive Bidding,FI,,,22588888.0,,,,,,Joint Venture of SUMEC Complete Equipment & Engineering Co. Ltd and XJ Group Corporation,苏梅达集团与新晶集团合资,CN,CHINA,1,1,0,
GY-L1080,Health Care Network Strengthening in Guyana,,GYB1389,IDB,,,,GUYANA,2024,2024-12-17,,HEALTH SYSTEM STRENGTHENING,Health,Loan Operation,National Competive Bidding,prism_goods,,,27429307.0,,,,,,PCI-SINOPHARMINTL CONSORT,中国医药集团国际联合体,CN,CHINA,1,1,0,
GY-L1080,Health Care Network Strengthening in Guyana,,GYB1383,IDB,,,,GUYANA,2024,2024-11-05,,HEALTH SYSTEM STRENGTHENING,Health,Loan Operation,National Competive Bidding,prism_goods,,,31099200.0,,,,,,CMEC - SINOPHARMINTL CONS,中国机械工程-国药国际联合体,CN,CHINA,1,1,0,
JA-L1049,Support for the Health Systems Strengthening for the Prevention and Care Management of Non-Communicable Diseases Programme,,JA-L1049-P61395-C01,IDB,,,,JAMAICA,2024,2024-01-16,,HEALTH SYSTEM STRENGTHENING,Health,Loan Operation,International Competitive Bidding,FI,,,35182672.02,,,,,,Jiangsu Zhenhuai Construction Group Co. Ltd,江苏振淮建设集团有限公司,CN,CHINA,1,1,0,
GY-G1007,Guyana Utility Scale Solar Photovoltaic Program (Guysol),,GYB1353,IDB,,,,GUYANA,2024,2024-03-26,,ENERGY EFFICIENCY AND RENEWABLE ENERGY IN END USE,Infrastructure & Energy,Investment Grants,International Competitive Bidding,prism_goods,,,37794412.0,,,,,,SUMEC COMPLETE EQUIPMENT,苏梅达集团股份有限公司,CN,CHINA,1,1,0,
GY-L1031,Road Network Upgrade and Expansion Program,,GYB1008,IDB,,,,GUYANA,2017,2017-12-11,,TRANSPORT,Infrastructure & Energy,Loan Operation,International Competitive Bidding,prism_goods,,,38198002.0,,,,,,SINOHYDRO CORPORATION LTD,中国水电股份有限公司,CN,CHINA,1,1,0,
GY-L1081,Program to Support Climate Resilient Road Infrastructure Development,,GYA0660,IDB,,,,GUYANA,2024,2024-02-22,,MAJOR HIGHWAYS,Infrastructure & Energy,Loan Operation,National Competive Bidding,prism_goods,,,75887908.0,,,,,,CHINA ROAD AND BRIDGE COR,中国路桥工程有限责任公司,CN,CHINA,1,1,0,
BO-L1080,Multipurpose Water Supply and Irrigation Program For the Municipios of Batallas,,BOA6446,IDB,,,,BOLIVIA,2018,2018-06-04,,WATER SUPPLY RURAL AND PERI-URBAN,"Water, Sanitation & Waste",Loan Operation,International Competitive Bidding,prism_goods,,,110236342.0,,,,,,ASOCC ACCID S&Z,ASOCC ACCID S&Z,CN,CHINA,1,0,0,
BO-L1080,Multipurpose Water Supply and Irrigation Program For the Municipios of Batallas,,BO-L1080-P00275-C01,IDB,,,,BOLIVIA,2018,2018-06-04,,WATER SUPPLY RURAL AND PERI-URBAN,"Water, Sanitation & Waste",Loan Operation,International Competitive Bidding,FI,,,111229863.79,,,,,,ASOCIACION ACCIDENTAL S&Z,萨斯万德兹公司联合体,CN,CHINA,1,0,0,
BO-L1117,Rural Electrification Program II,,BOA6462,IDB,,,,BOLIVIA,2019,2019-03-28,,RURAL ELECTRIFICATION,Infrastructure & Energy,Loan Operation,International Competitive Bidding,prism_goods,,,93840.0,,,,,,HENGTONG OPTIC ELECTRIC C,亨通集团股份有限公司,CN,CHINA,1,1,0,
HA-L1078,Private Sector Development through Investment Promotion,,HAA6730,IDB,,,,HAITI,2018,2018-12-11,,EXPORT AND INVESTMENT PROMOTION,"Industry, Trade & Finance",Grant Financing Product,,prism_cons,,,120000.0,,,,,,WAVTEQ LIMITED,沃泰克有限公司,CN,CHINA,1,0,0,
BO-L1072,Cochabamba - La Paz Transmission Line,,BOA6284,IDB,,,,BOLIVIA,2013,2013-12-11,,NEW POWER DISTRIBUTION & TRANSMISSION PROJECTS,Infrastructure & Energy,Loan Operation,International Competitive Bidding,prism_goods,,,121137.0,,,,,,CHINANAT.ELEC W&CIMP/EXP,中国国电进出口有限公司,CN,CHINA,1,1,0,
PN-L1014,Competitiveness and Trade,,PNA5808,IDB,,,,PANAMA,2013,2013-09-18,,BUSINESS CLIMATE AND COMPETITIVENESS,"Industry, Trade & Finance",Loan Operation,,prism_cons,,,197175.0,,,,,,HONG KONG WORLDTRADE CENTERS ASSOC,香港世界贸易中心协会,CN,CHINA,1,0,0,
BO-L1050,Rural Electrification Program,,BOB0594,IDB,,,,BOLIVIA,2014,2014-06-05,,RURAL ELECTRIFICATION,Infrastructure & Energy,Loan Operation,National Competive Bidding,prism_goods,,,214123.0,,,,,,JIANGZU ZHONGTIAN TEC CO,江祖中天科技有限公司,CN,CHINA,1,0,0,
HA-L1078,Private Sector Development through Investment Promotion,,HAA6358,IDB,,,,HAITI,2017,2017-08-09,,EXPORT AND INVESTMENT PROMOTION,"Industry, Trade & Finance",Grant Financing Product,,prism_cons,,,240275.0,,,,,,WAVTEQ LIMITED,沃泰克有限公司,CN,CHINA,1,0,0,
BO-L1072,Cochabamba - La Paz Transmission Line,,BOA6286,IDB,,,,BOLIVIA,2013,2013-12-11,,NEW POWER DISTRIBUTION & TRANSMISSION PROJECTS,Infrastructure & Energy,Loan Operation,International Competitive Bidding,prism_goods,,,258750.0,,,,,,PEOPLES CABLE GROUP CO LT,人民电缆集团有限公司,CN,CHINA,1,1,0,
JA-X1007,Public Sector Efficiency Program,,JAA3228,IDB,,,,JAMAICA,2016,2016-11-15,,REFORM AND PUBLIC SECTOR SUPPORT,Public Admin & Governance,Investment Grants,,prism_cons,,,263300.0,,,,,,INFOCIVITAS LIMITED,信息有限公司,CN,CHINA,1,0,0,
BO-L1050,Rural Electrification Program,,BOA6348,IDB,,,,BOLIVIA,2014,2014-08-27,,RURAL ELECTRIFICATION,Infrastructure & Energy,Loan Operation,International Competitive Bidding,prism_goods,,,297306.0,,,,,,TBEA SHANDONG LUNENG TAIS,特变电工山东鲁能泰斯,CN,CHINA,1,1,0,
BO-L1072,Cochabamba - La Paz Transmission Line,,BOA6340,IDB,,,,BOLIVIA,2014,2014-08-22,,NEW POWER DISTRIBUTION & TRANSMISSION PROJECTS,Infrastructure & Energy,Loan Operation,International Competitive Bidding,prism_goods,,,327455.0,,,,,,PEOPLES CABLE GROUP CO LT,人民电缆集团有限公司,CN,CHINA,1,1,0,
BO-L1117,Rural Electrification Program II,,BOA6461,IDB,,,,BOLIVIA,2019,2019-03-29,,RURAL ELECTRIFICATION,Infrastructure & Energy,Loan Operation,International Competitive Bidding,prism_goods,,,343689.0,,,,,,HENGTONG OPTIC ELECTRIC C,亨通集团股份有限公司,CN,CHINA,1,1,0,
BO-L1117,Rural Electrification Program II,,BOB0681,IDB,,,,BOLIVIA,2019,2019-05-06,,RURAL ELECTRIFICATION,Infrastructure & Energy,Loan Operation,National Competive Bidding,prism_goods,,,350637.0,,,,,,CHINA NAT CABLE ENG. CO.,中国国电布防有限公司,CN,CHINA,1,1,0,
CR-L1049,Power Sector Development Program 2012-2016 (Reventazon Hydroelectric Project),,CRA2562,IDB,,,,COSTA RICA,2014,2014-04-08,,NEW HYDROPOWER PROJECTS,Infrastructure & Energy,Loan Operation,International Competitive Bidding,prism_goods,,,411945.0,,,,,,SUMEC COMPLETE EQUIPMENT,苏梅达集团股份有限公司,CN,CHINA,1,1,0,
BO-L1050,Rural Electrification Program,,BOA6282,IDB,,,,BOLIVIA,2013,2013-12-03,,RURAL ELECTRIFICATION,Infrastructure & Energy,Loan Operation,International Competitive Bidding,prism_goods,,,412903.0,,,,,,CHINA NATIONAL W&C M&X,中国机械进出口集团有限公司,CN,CHINA,1,1,0,
BO-L1072,Cochabamba - La Paz Transmission Line,,BOB0570,IDB,,,,BOLIVIA,2013,2013-12-03,,NEW POWER DISTRIBUTION & TRANSMISSION PROJECTS,Infrastructure & Energy,Loan Operation,National Competive Bidding,prism_goods,,,412903.0,,,,,,CHINANAT.ELEC W&CIMP/EXP,中国国电进出口有限公司,CN,CHINA,1,1,0,
HA-L1078,Private Sector Development through Investment Promotion,,HAA6333,IDB,,,,HAITI,2017,2017-03-28,,EXPORT AND INVESTMENT PROMOTION,"Industry, Trade & Finance",Grant Financing Product,,prism_cons,,,492760.0,,,,,,WAVTEQ LIMITED,沃泰克有限公司,CN,CHINA,1,0,0,
HA-L1078,Private Sector Development through Investment Promotion,,HAA6463,IDB,,,,HAITI,2018,2018-03-01,,EXPORT AND INVESTMENT PROMOTION,"Industry, Trade & Finance",Grant Financing Product,,prism_cons,,,500000.0,,,,,,WAVTEQ LIMITED,沃泰克有限公司,CN,CHINA,1,0,0,
BO-L1050,Rural Electrification Program,,BOB0585,IDB,,,,BOLIVIA,2014,2014-03-31,,RURAL ELECTRIFICATION,Infrastructure & Energy,Loan Operation,Others,prism_goods,,,561173.0,,,,,,CHINA NATIONAL W&C M&X,中国机械进出口集团有限公司,CN,CHINA,1,1,0,
CR-L1009,First Electric Power Sector Development Program 2008-2011,,CRA2242,IDB,,,,COSTA RICA,2010,2010-09-30,,NEW POWER DISTRIBUTION & TRANSMISSION PROJECTS,Infrastructure & Energy,Loan Operation,International Competitive Bidding,prism_goods,,,605000.0,,,,,,CHINT ELECTRIC CO LTD,正泰电气股份有限公司,CN,CHINA,1,0,0,
BO-L1050,Rural Electrification Program,,BOB0602,IDB,,,,BOLIVIA,2014,2014-07-25,,RURAL ELECTRIFICATION,Infrastructure & Energy,Loan Operation,National Competive Bidding,prism_goods,,,781602.0,,,,,,SHANDONG POWER EQ CO.LTD,山东省电能环保股份有限公司,CN,CHINA,1,1,0,
BO-L1072,Cochabamba - La Paz Transmission Line,,BOB0562,IDB,,,,BOLIVIA,2013,2013-09-30,,NEW POWER DISTRIBUTION & TRANSMISSION PROJECTS,Infrastructure & Energy,Loan Operation,National Competive Bidding,prism_goods,,,792449.0,,,,,,CHINA NATIONAL W&C M&X,中国机械进出口集团有限公司,CN,CHINA,1,1,0,
BO-L1117,Rural Electrification Program II,,BOA6459,IDB,,,,BOLIVIA,2019,2019-01-30,,RURAL ELECTRIFICATION,Infrastructure & Energy,Loan Operation,International Competitive Bidding,prism_goods,,,819168.0,,,,,,ZTT INTERNATIONAL LIMITED,中天国际有限公司,CN,CHINA,1,0,0,
BO-L1050,Rural Electrification Program,,BOB0564,IDB,,,,BOLIVIA,2013,2013-10-08,,RURAL ELECTRIFICATION,Infrastructure & Energy,Loan Operation,National Competive Bidding,prism_goods,,,1051200.0,,,,,,CHINA NATIONAL W&C M&X,中国机械进出口集团有限公司,CN,CHINA,1,1,0,
PR-L1058,Support for the Transmission System in Paraguay,,PRA2306,IDB,,,,PARAGUAY,2021,2021-11-01,,NEW POWER DISTRIBUTION & TRANSMISSION PROJECTS,Infrastructure & Energy,Loan Operation,International Competitive Bidding,prism_goods,,,1290300.0,,,,,,NARI TECHNOLOGY CO LTD,科技有限公司,CN,CHINA,1,0,0,
BO-L1050,Rural Electrification Program,,BOB0563,IDB,,,,BOLIVIA,2013,2013-10-08,,RURAL ELECTRIFICATION,Infrastructure & Energy,Loan Operation,National Competive Bidding,prism_goods,,,1995000.0,,,,,,CHINA NAT CABLE ENG. CO.,中国国电布防有限公司,CN,CHINA,1,1,0,
BO-L1117,Rural Electrification Program II,,BOA6460,IDB,,,,BOLIVIA,2019,2019-02-22,,RURAL ELECTRIFICATION,Infrastructure & Energy,Loan Operation,International Competitive Bidding,prism_goods,,,2239131.0,,,,,,CHINA NAT CABLE ENG. CO.,中国国电布防有限公司,CN,CHINA,1,1,0,
EC-L1117,Support to the transmission program in Ecuador,,ECA7810,IDB,,,,ECUADOR,2020,2020-12-10,,ENERGY INTEGRATION,Infrastructure & Energy,Loan Operation,,prism_cons,,,2600459.0,,,,,,CHANGJIANG INSTITUTE OF SURVEY PLANNIG DESING AND RESEARCH,长江勘测规划设计研究有限公司,CN,CHINA,1,0,0,
VE-L1017,Support to the Action Social Center of Music Program. Phase II,,VEB0590,IDB,,,,VENEZUELA,2011,2011-05-06,,SOCIAL INVESTMENT,"Industry, Trade & Finance",Loan Operation,National Competive Bidding,prism_goods,,,2733280.0,,,,,,TAIXING FENGLING MUSICAL,泰兴凤玲音乐剧,CN,CHINA,1,0,0,
HA-L1019,Rehabilitation of Road Infrastructure for Integration of the Territory,,HAB1204,IDB,,,,HAITI,2013,2013-06-06,,TRANSPORT,Infrastructure & Energy,Grant Financing Product,National Competive Bidding,prism_goods,,,3262839.0,,,,,,HONGYUAN CONSTRUCTION COM,宏远建设有限公司,CN,CHINA,1,1,0,
BO-L1072,Cochabamba - La Paz Transmission Line,,BOB0568,IDB,,,,BOLIVIA,2013,2013-11-18,,NEW POWER DISTRIBUTION & TRANSMISSION PROJECTS,Infrastructure & Energy,Loan Operation,National Competive Bidding,prism_goods,,,4073509.0,,,,,,TBEA SHANDONG LUNENG TAIS,特变电工山东鲁能泰斯,CN,CHINA,1,1,0,
BO-L1072,Cochabamba - La Paz Transmission Line,,BOA6189,IDB,,,,BOLIVIA,2013,2013-06-25,,NEW POWER DISTRIBUTION & TRANSMISSION PROJECTS,Infrastructure & Energy,Loan Operation,International Competitive Bidding,prism_goods,,,7880200.0,,,,,,TBEA SHANDONG LUNENG TAIS,特变电工山东鲁能泰斯,CN,CHINA,1,1,0,
CR-L1009,First Electric Power Sector Development Program 2008-2011,,CRA2241,IDB,,,,COSTA RICA,2010,2010-09-30,,NEW POWER DISTRIBUTION & TRANSMISSION PROJECTS,Infrastructure & Energy,Loan Operation,International Competitive Bidding,prism_goods,,,9138680.0,,,,,,CHINT ELECTRIC CO LTD,正泰电气股份有限公司,CN,CHINA,1,0,0,
TT-L1018,WASA Modernization and Wastewater Infrastructure Rehabilitation Program,,TTA1786,IDB,,,,TRINIDAD AND TOBAGO,2019,2019-06-25,,WATER AND SANITATION,"Water, Sanitation & Waste",Loan Operation,International Competitive Bidding,prism_goods,,,9345157.0,,,,,,SINOHYDRO CORPORATION LTD,中国水电股份有限公司,CN,CHINA,1,1,0,
BO-L1072,Cochabamba - La Paz Transmission Line,,BOA6192,IDB,,,,BOLIVIA,2013,2013-07-31,,NEW POWER DISTRIBUTION & TRANSMISSION PROJECTS,Infrastructure & Energy,Loan Operation,International Competitive Bidding,prism_goods,,,11098913.0,,,,,,NANJING DAJI STELL TM,南京大吉钢铁有限公司,CN,CHINA,1,0,0,
BR-L1408,Program for the Expansion and Improvement of Specialized Health Care in the State of Ceará II – PROEXMAES II,,BRB4007,IDB,,,,BRAZIL,2020,2020-03-24,,HEALTH SYSTEM STRENGTHENING,Health,Loan Operation,Direct Contracting/Selection,prism_goods,,,16100000.0,,,,,,CHINA MEHECO CORPORATION,中国医药对外贸易总公司,CN,CHINA,1,1,0,
CR-L1049,Power Sector Development Program 2012-2016 (Reventazon Hydroelectric Project),,CRA2561,IDB,,,,COSTA RICA,2014,2014-04-08,,NEW HYDROPOWER PROJECTS,Infrastructure & Energy,Loan Operation,International Competitive Bidding,prism_goods,,,16446412.0,,,,,,SUMEC COMPLETE EQUIPMENT,苏梅达集团股份有限公司,CN,CHINA,1,1,0,
BR-L1408,Program for the Expansion and Improvement of Specialized Health Care in the State of Ceará II – PROEXMAES II,,BRB4008,IDB,,,,BRAZIL,2020,2020-03-28,,HEALTH SYSTEM STRENGTHENING,Health,Loan Operation,Direct Contracting/Selection,prism_goods,,,18364360.0,,,,,,CHINA MEHECO CORPORATION,中国医药对外贸易总公司,CN,CHINA,1,1,0,
GY-L1040,Water Supply and Sanitation Infrastructure Improvement Program,,GYB0991,IDB,,,,GUYANA,2017,2017-08-31,,WATER SUPPLY URBAN,"Water, Sanitation & Waste",Loan Operation,International Competitive Bidding,prism_goods,,,19262548.0,,,,,,SINOHYDRO CORPORATION LTD,中国水电股份有限公司,CN,CHINA,1,1,0,
GY-L1041,Power Utility Upgrade Program,,GYA0545,IDB,,,,GUYANA,2019,2019-05-15,,ENERGY SECTOR REHABILITATION AND EFFICIENCY,Infrastructure & Energy,Loan Operation,International Competitive Bidding,prism_goods,,,20106854.0,,,,,,CMC-CSEEC CONSORTIUM,中国机械工程-中国成套集团联合体,CN,CHINA,1,1,0,
GY-L1041,Power Utility Upgrade Program,,GYB0949,IDB,,,,GUYANA,2016,2016-12-29,,ENERGY SECTOR REHABILITATION AND EFFICIENCY,Infrastructure & Energy,Loan Operation,International Competitive Bidding,prism_goods,,,22343923.0,,,,,,CMC-CSEEC CONSORTIUM,中国机械工程-中国成套集团联合体,CN,CHINA,1,1,0,
HA-L1079,Support for Haiti's Transportation Sector III,,HAB1329,IDB,,,,HAITI,2014,2014-08-11,,MAJOR HIGHWAYS,Infrastructure & Energy,Grant Financing Product,International Competitive Bidding,prism_goods,,,28395815.0,,,,,,HONGYUAN CONSTRUCTION COM,宏远建设有限公司,CN,CHINA,1,1,0,
EC-L1117,Support to the transmission program in Ecuador,,ECA2766,IDB,,,,ECUADOR,2016,2016-11-29,,ENERGY INTEGRATION,Infrastructure & Energy,Loan Operation,International Competitive Bidding,prism_goods,,,32418068.0,,,,,,CHINA MACHINERY ENGINEERI,中国机械工程,CN,CHINA,1,1,0,
EC-L1117,Support to the transmission program in Ecuador,,ECA2768,IDB,,,,ECUADOR,2016,2016-11-24,,ENERGY INTEGRATION,Infrastructure & Energy,Loan Operation,International Competitive Bidding,prism_goods,,,33114890.0,,,,,,XIAN ELECTRIC ENGINEERING,西安电气工程,CN,CHINA,1,0,0,
EC-L1160,Investment Plan to Support the Transition of the Energy Matrix in Ecuador,,ECA2864,IDB,,,,ECUADOR,2017,2017-08-14,,ENERGY SECTOR REHABILITATION AND EFFICIENCY,"Industry, Trade & Finance",Loan Operation,International Competitive Bidding,prism_goods,,,39662921.0,,,,,,XIAN ELECTRIC ENGINEERING,西安电气工程,CN,CHINA,1,0,0,
EC-L1117,Support to the transmission program in Ecuador,,ECA2712,IDB,,,,ECUADOR,2016,2016-05-09,,ENERGY INTEGRATION,Infrastructure & Energy,Loan Operation,International Competitive Bidding,prism_goods,,,57225942.0,,,,,,SINOHYDRO CORPORATION LIM,中国水利水电建设有限公司,CN,CHINA,1,1,0,
CO-L1234,Metro of Bogota First Line - First tranch,,COB0796,IDB,,,,COLOMBIA,2019,2019-11-27,,PUBLIC TRANSPORT (BUS / TRAIN / CABLE). INFRASTRUCTURE AND EQUIPMENT,Infrastructure & Energy,Loan Operation,International Competitive Bidding,prism_goods,,,70000000.0,,,,,,METRO LINEA 1 S.A.S,第一地铁线公司,CN,CHINA,1,1,0,
BO-L1075,Segment Montero-Yapacaní from the double lane in the road Santa Cruz-Cochabamba,,BOB0644,IDB,,,,BOLIVIA,2016,2016-10-12,,TRANSPORT NETWORKS CONNECTIVITY,Digital Economy & ICT,Loan Operation,National Competive Bidding,prism_goods,,,92463776.0,,,,,,SINOHYDRO CORPORATION LTD,中国水电股份有限公司,CN,CHINA,1,1,0,
TT-L1026,Multi-Phase Wastewater Rehabilitation Program- Phase I,,TTA1775,IDB,,,,TRINIDAD AND TOBAGO,2014,2014-11-17,,SANITATION RURAL AND PERI-URBAN,"Water, Sanitation & Waste",Loan Operation,International Competitive Bidding,prism_goods,,,97645284.0,,,,,,SINOHYDRO CORPORATION LTD,中国水电股份有限公司,CN,CHINA,1,1,0,
VE-L1033,Rehabilitation of Units 1 to 6 of Powerhouse I Simón Bolivar Hydroelectric Plant,,VEB0747,IDB,,,,VENEZUELA,2014,2014-10-14,,NEW HYDROPOWER PROJECTS,Infrastructure & Energy,Loan Operation,International Competitive Bidding,prism_goods,,,474642084.0,,,,,,DONGFANG ELECTRIC,东方电气,CN,CHINA,1,0,0,
BH-L1061,The Bahamas Water Supply and Sanitation Systems Upgrade Program,,BH-L1061-P00050-C01,IDB,,,,BAHAMAS,2025,2025-11-14,,WATER AND SANITATION,"Water, Sanitation & Waste",Loan Operation,Shopping/Request for minimum 3 Quotations,FI,,,412.97,,,,,,Safety Custom,安全定制,CN,CHINA,1,0,0,
SU-L1056,Foreign Investment and Export Promotion Program,,SU-L1056-P00042-C01,IDB,,,,SURINAME,2024,2024-05-08,,EXPORT AND INVESTMENT PROMOTION,"Industry, Trade & Finance",Loan Operation,Shopping/Request for minimum 3 Quotations,FI,,,8997.0,,,,,,Qianyou Information Technology (Wuhan) Co.,千友信息技术（武汉）有限公司,CN,CHINA,1,0,0,
JA-L1074,Security Strengthening Project,,JAB0775,IDB,,,,JAMAICA,2020,2020-09-22,,CITIZEN SAFETY,Public Admin & Governance,Loan Operation,Others,prism_goods,,,9800.0,,,,,,NANJING SPEEDY LASER TECH,南京高速激光科技有限公司,CN,CHINA,1,1,0,
