year_awarded,date_awarded,notice_type,notice_id,contract_name,project_id,project_name,sector,sector_reclassifcation,project_type,procurement_channel,data_source,record_id,bid_reference_no,contract_url,country,contract_value_usd,contract_currency,winning_firm_name,winning_firm_name_zh,winning_firm_code,winning_firm_country,winning_firm_is_chinese,winning_firm_is_soe,joint_venture,firm_registered_locally
2025,2025-07-31,Contract,1854180,Construction of the New Industrial Block at Annandale Secondary School,P177741,Guyana Strengthening Human Capital through Education Project,Education,Education,Works,Project procurement contracts,World Bank,1854180,GY-MOE-400689-CW-RFB,https://projects.worldbank.org/en/projects-operations/contractoverview/1854180,Guyana,3590053.98,USD,SHANDONG HIGH- SPEED DEJIAN GROUP LIMITED,山东高速德建集团有限公司,951020,China,1,1,0,0.0
2025,2025-06-23,Contract,1854432,Construction of the New Christianburg Multilateral School,P177741,Guyana Strengthening Human Capital through Education Project,Education,Education,Works,Project procurement contracts,World Bank,1854432,GY-MOE-465937-CW-RFB,https://projects.worldbank.org/en/projects-operations/contractoverview/1854432,Guyana,12825508.27,USD,POWERCHINA JIANGXI ELECTRIC POWER CONSTRUCTION COMPANY LIMITED,中国电力建设集团有限公司江西电力建设分公司,951030,China,1,1,0,0.0
2025,2025-04-15,Contract,1834786,Expansion of F&A and New EOC Building,P167339,Sint Maarten Emergency Recovery Project I,Public Admin; Energy & Extractives; Water/Sanit/Waste; Industry & Trade/Ser,"Water, Sanitation & Waste",Works,Project procurement contracts,World Bank,1834786,SX-NRPB-387097-CW-RFB-1,https://projects.worldbank.org/en/projects-operations/contractoverview/1834786,St Maarten,5111083.31,USD,ZHENJIANG NO.2 CONSTRUCTION ENGINEERING CO. LTD,镇江市第二建筑工程有限公司,804878,China,1,1,0,0.0
2025,2025-01-06,Contract,1818274,Renovation of School Gyms,P167339,Sint Maarten Emergency Recovery Project I,Public Admin; Energy & Extractives; Water/Sanit/Waste; Industry & Trade/Ser,"Water, Sanitation & Waste",Works,Project procurement contracts,World Bank,1818274,SX-NRPB-386118-CW-RFB,https://projects.worldbank.org/en/projects-operations/contractoverview/1818274,St Maarten,3583836.72,USD,ZHENJIANG NO.2 CONSTRUCTION ENGINEERING CO. LTD,镇江市第二建筑工程有限公司,752542,China,1,1,0,0.0
2025,2025-01-06,Contract,1818269,Renovation of Sports Facilities,P167339,Sint Maarten Emergency Recovery Project I,Public Admin; Energy & Extractives; Water/Sanit/Waste; Industry & Trade/Ser,"Water, Sanitation & Waste",Works,Project procurement contracts,World Bank,1818269,SX-NRPB-386924-CW-RFB,https://projects.worldbank.org/en/projects-operations/contractoverview/1818269,St Maarten,3999995.59,USD,ZHENJIANG NO.2 CONSTRUCTION ENGINEERING CO. LTD,镇江市第二建筑工程有限公司,804878,China,1,1,0,0.0
2024,2024-05-28,Contract,1836455,Lote10: Reanimador Neonatal tipo Neopuff,P163345,Supporting Effective Universal Health Coverage in Argentina,Health,Health,Goods,Project procurement contracts,World Bank,1836455,AR-MSAL-200462-GO-RFB,https://projects.worldbank.org/en/projects-operations/contractoverview/1836455,Argentina,337500.0,USD,NINGBO DAVID MEDICAL DEVICE CO. LIMITED,宁波大卫医疗器械有限公司,614203,China,1,0,0,0.0
2024,2024-05-20,Contract,1836449,Lote 2: Ecodoppler de alta complejidad,P163345,Supporting Effective Universal Health Coverage in Argentina,Health,Health,Goods,Project procurement contracts,World Bank,1836449,AR-MSAL-200462-GO-RFB,https://projects.worldbank.org/en/projects-operations/contractoverview/1836449,Argentina,652000.0,USD,VINNO TECHNOLOGY CO.,飞依诺科技有限公司,724378,China,1,0,0,0.0
2024,2024-01-04,Contract,1834577,Procurement of (Chiller and Freeze Dryer) for Agro Processing,P171833,Unleashing the Blue Economy of the Caribbean (UBEC),,Agriculture,Goods,Project procurement contracts,World Bank,1834577,GD-MOIID-380067-GO-DIR,https://projects.worldbank.org/en/projects-operations/contractoverview/1834577,Caribbean,14582.0,USD,INFITEK CO LTD,英菲泰克有限公司,823020,China,1,0,0,0.0
2023,2023-11-14,Contract,1802525,"Construction of the Faculty of Health Sciences Building, Turkeyen Campus, University of Guyana",P159519,Guyana Education Sector Improvement Project,Education,Education,Works,Project procurement contracts,World Bank,1802525,GESIP/RFB/CW-1,https://projects.worldbank.org/en/projects-operations/contractoverview/1802525,Guyana,4576224.6,USD,SHANDONG HIGH- SPEED DEJIAN GROUP LIMITED,山东高速德建集团有限公司,951020,China,1,1,0,0.0
2023,2023-09-25,Contract,1766356,PROCUREMENT OF EQUIPMENT FOR FISH FEED PRODUCTION,P164257,Promoting Community-based Climate Resilience in the Fisheries Sector,Agriculture,Agriculture,Goods,Project procurement contracts,World Bank,1766356,JM-MICAF-368948-GO-RFQ,https://projects.worldbank.org/en/projects-operations/contractoverview/1766356,Jamaica,52245.0,USD,ZHENGZHOU RUNXIANG MACHINERY EQUIPMENT,郑州润祥机械设备,830891,China,1,0,0,0.0
2022,2022-06-27,Contract,1733320,"Assessment, Design and Development of Technical Specifications for an E-Payment Platform for the Government of St. Vincent and the Grenadines",P171528,Caribbean Digital Transformation Project,Info & Communication,Digital Economy & ICT,Consultant Services,Project procurement contracts,World Bank,1733320,SVGCARDTP-C-CQS-2,https://projects.worldbank.org/en/projects-operations/contractoverview/1733320,Caribbean,120000.0,USD,CONSULTANCY ASSOCIATES,顾问助理,739740,China,1,0,0,0.0
2022,2022-04-20,Contract,1695737,Passenger Boarding Bridges,P167974,Sint Maarten Airport Terminal Reconstruction Project,Transportation,Infrastructure & Energy,Goods,Project procurement contracts,World Bank,1695737,SX-PJIAE-236385-GO-RFB,https://projects.worldbank.org/en/projects-operations/contractoverview/1695737,St Maarten,2843896.0,USD,CIMC-TIANDA NETHERLANDS COOPERATIEF U.A. (NETHERLANDS); SHENZHEN CIMC-TIANDA AIRPORT SUPPORT LTD.,中集天阳集团有限公司,648124; 648131,Netherlands; China,1,1,1,0.0
2021,2021-12-20,Contract,1762183,Supply and Delivery if Five (5) Humid BM and Trolley,P175268,Guyana COVID-19 Emergency Response Project,Health,Health,Goods,Project procurement contracts,World Bank,1762183,GY-G-COVID FTO-278205-GO-DIR,https://projects.worldbank.org/en/projects-operations/contractoverview/1762183,Guyana,26821.0,USD,SINOPHARM FORTUNE INTERNATIONAL TRADING CORP,中国医药集团有限公司国际贸易分公司,764868,China,1,1,0,0.0
2021,2021-07-31,Contract,1667973,"Tercer Acuerdo Complementario al Acuerdo Gubernamental de Compra y Suministro del 23 de febrero de 2021, por 4 millones de dosis, por un total de USD 48 millones, con un precio individual de USD 12.00",P173773,Ecuador COVID-19 Emergency Response and Vaccination Project,Health,Health,Goods,Project procurement contracts,World Bank,1667973,EC-MPH-DFA-246372-GO-DIR,https://projects.worldbank.org/en/projects-operations/contractoverview/1667973,Ecuador,53005000.0,USD,"SINOVAC LIFE SCIENCES CO., LTD.",北京科兴中维,599855,China,1,0,0,0.0
2021,2021-06-29,Contract,1802841,"Procurement and Delivery of SARS-CoV-2 Vaccine (Vero cell), Inactivated or COVID-19 Vaccine (Vero Cell), Inactivated- Sinopharm developed and produced by Manufacturer of the type and specification",P173989,Republic of Trinidad and Tobago: COVID-19 EMERGENCY RESPONSE PROJECT,Health,Health,Goods,Project procurement contracts,World Bank,1802841,TT-MOH-348518-GO-DIR,https://projects.worldbank.org/en/projects-operations/contractoverview/1802841,Trinidad and Tobago,7500000.0,USD,China National Biotec Group Company Limited,中国生物技术集团有限公司,637472,China,1,1,0,0.0
2021,2021-06-09,Contract,1716506,Supply and Delivery of COVID 19 Vaccines,P175268,Guyana COVID-19 Emergency Response Project,Health,Health,Goods,Project procurement contracts,World Bank,1716506,GY-G-COVID FTO-296098-GO-DIR,https://projects.worldbank.org/en/projects-operations/contractoverview/1716506,Guyana,1500000.0,USD,SINOPHARM INTERNATIONAL HONG KONG LIMITED,国药控股香港有限公司,660752,China,1,0,0,0.0
2021,2021-06-06,Contract,1802842,"Procurement and Delivery of SARS-CoV-2 Vaccine (Vero cell), Inactivated or COVID-19 Vaccine (Vero Cell), Inactivated- Sinopharm developed and produced by Manufacturer of the type and specification",P173989,Republic of Trinidad and Tobago: COVID-19 EMERGENCY RESPONSE PROJECT,Health,Health,Goods,Project procurement contracts,World Bank,1802842,TT-MOH-348548-GO-DIR,https://projects.worldbank.org/en/projects-operations/contractoverview/1802842,Trinidad and Tobago,173432.0,USD,China National Biotec Group Company Limited,中国生物技术集团有限公司,637472,China,1,1,0,0.0
2021,2021-03-10,Contract,1708728,Vacuna contra SARS COV-2 Inactivada CORONAVAC suspensión inyectable frasco vial,P173872,El Salvador COVID-19 Emergency Response Project,Health,Health,Goods,Project procurement contracts,World Bank,1708728,RECOVID-88-DIR-GO,https://projects.worldbank.org/en/projects-operations/contractoverview/1708728,El Salvador,35600000.0,USD,"SINOVAC LIFE SCIENCES CO., LTD.",北京科兴中维,599855,China,1,0,0,0.0
2021,2021-03-10,Contract,1708381,Adquisición Vacuna contra SARS COV-2 inactivada CORONAVAC suspensión inyectable frasco vial,P173872,El Salvador COVID-19 Emergency Response Project,Health,Health,Goods,Project procurement contracts,World Bank,1708381,RECOVID-91-DIR-GO,https://projects.worldbank.org/en/projects-operations/contractoverview/1708381,El Salvador,35000000.0,USD,"SINOVAC LIFE SCIENCES CO., LTD.",北京科兴中维,599855,China,1,0,0,0.0
2021,2021-03-10,Contract,1690767,Adquisición de vacunas contra SARS COVID-2 inactividad CORONAVAC suspensión inyectable,P173872,El Salvador COVID-19 Emergency Response Project,Health,Health,Goods,Project procurement contracts,World Bank,1690767,RECOVID-49-DIR-GO-2,https://projects.worldbank.org/en/projects-operations/contractoverview/1690767,El Salvador,30000000.0,USD,"SINOVAC LIFE SCIENCES CO., LTD.",北京科兴中维,599855,China,1,0,0,0.0
2020,2020-12-29,Contract,1640793,EJECUCION DE LA OBRA DE LA AVENIDA VIA EXPRESA DEL CUSCO LPI N° 01-2020/COPESCO/PRODER/METRA,P132505,Cusco Transport Improvement Project,Public Admin; Transportation,Public Admin & Governance,Works,Project procurement contracts,World Bank,1640793,PE-COPESCO-157324-CW-RFB,https://projects.worldbank.org/en/projects-operations/contractoverview/1640793,Peru,80459594.59,USD,China Gezhouba Group Company Limited,中国格洲坝集团有限公司,509146,China,1,1,0,0.0
2020,2020-08-10,Contract,1629574,"Adquisición de batas de uso personal con la empresa Commander Health Supply a través del proceso de BFP. Batas medianas 837.250 unidades y batas grandes 656.75 unidades, por usd 8.123.688 millones",P173773,Ecuador COVID-19 Emergency Response and Vaccination Project,Health,Health,Goods,Project procurement contracts,World Bank,1629574,EC-MPH-DFA-186835-GO-DIR,https://projects.worldbank.org/en/projects-operations/contractoverview/1629574,Ecuador,8123688.0,USD,COMMANDER HEALTH SUPPLY,指挥官生命值供应,516714,China,1,0,0,0.0
2020,2020-06-24,Contract,1623204,Adquisición de Insumos de Protección Personal,P173861,Honduras COVID-19 Emergency Response Project,,Health,Goods,Project procurement contracts,World Bank,1623204,HN-INVEST-H-174944-GO-DIR,https://projects.worldbank.org/en/projects-operations/contractoverview/1623204,Honduras,9982525.0,USD,China MEHECO Corporation,中国医药对外贸易总公司,492465,China,1,1,0,0.0
2020,2020-06-15,Contract,1620208,"insumos de protección personal (2300000 guantes de examen, 137000 antiparras protectoras, 1119000 barbijos N95, 250000 overoles de seguridad) más el costo de inspección de los bienes",P173767,AR: COVID-19 Emergency Response Project,Health,Health,Goods,Project procurement contracts,World Bank,1620208,GO-DIR-12-2020,https://projects.worldbank.org/en/projects-operations/contractoverview/1620208,Argentina,9864698.26,USD,China MEHECO Corporation,中国医药对外贸易总公司,492465,China,1,1,0,0.0
2020,2020-06-10,Contract,1630969,achat d'equipements de protection individuelle ( surgical mask,P173811,Haiti COVID-19 Response,Health,Health,Goods,Project procurement contracts,World Bank,1630969,HT-AF-HEALTH-188378-GO-DIR,https://projects.worldbank.org/en/projects-operations/contractoverview/1630969,Haiti,1020000.0,USD,China MEHECO Corporation,中国医药对外贸易总公司,492465,China,1,1,0,0.0
2020,2020-06-09,Contract,1607231,Lote 2: Equipos de Medición Concentrada para Edenorte,P147277,Distribution Grid Modernization and Loss Reduction Project,Energy & Extractives,Infrastructure & Energy,Goods,Project procurement contracts,World Bank,1607231,B-3-6-A-Lote2,https://projects.worldbank.org/en/projects-operations/contractoverview/1607231,Dominican Republic,18861.17,USD,"Hexing Electrical Co.,Ltd",和兴电气有限公司,162520,China,1,0,0,0.0
2020,2020-06-09,Contract,1607230,Lote 1: Equipos de Medición Concentrada para Edesur.,P147277,Distribution Grid Modernization and Loss Reduction Project,Energy & Extractives,Infrastructure & Energy,Goods,Project procurement contracts,World Bank,1607230,B-3-6-A-Lote1,https://projects.worldbank.org/en/projects-operations/contractoverview/1607230,Dominican Republic,283871.1,USD,"Hexing Electrical Co.,Ltd",和兴电气有限公司,162520,China,1,0,0,0.0
2020,2020-06-09,Contract,1607216,Lote 3: Equipos de Medición Concentrada para Edeeste.,P147277,Distribution Grid Modernization and Loss Reduction Project,Energy & Extractives,Infrastructure & Energy,Goods,Project procurement contracts,World Bank,1607216,B-3-6-A-Lote3,https://projects.worldbank.org/en/projects-operations/contractoverview/1607216,Dominican Republic,146183.95,USD,"Hexing Electrical Co.,Ltd",和兴电气有限公司,162520,China,1,0,0,0.0
2020,2020-04-16,Contract,1620679,Barbijos tricapa 625.000 Overoles de seguridad 12.500 Barbijo NK95 625.000 Antiparras médicas 12.500 Guantes de latex 1.250.000,P173767,AR: COVID-19 Emergency Response Project,Health,Health,Goods,Project procurement contracts,World Bank,1620679,GO-DIR-06-2020,https://projects.worldbank.org/en/projects-operations/contractoverview/1620679,Argentina,2395750.0,USD,SHENZHEN SED INDUSTRY CO.,深圳市桑达实业股份有限公司,497011,China,1,1,0,0.0
2020,2020-04-13,Contract,1615872,Máscaras protectoras,P173767,AR: COVID-19 Emergency Response Project,Health,Health,Goods,Project procurement contracts,World Bank,1615872,GO-DIR-05-2020,https://projects.worldbank.org/en/projects-operations/contractoverview/1615872,Argentina,400000.0,USD,INTCO MEDICAL (HK) CO.,英科医疗（香港）有限公司,487362,China,1,0,0,0.0
2020,2020-04-13,Contract,1615865,Barbijo descartable tricapa,P173767,AR: COVID-19 Emergency Response Project,Health,Health,Goods,Project procurement contracts,World Bank,1615865,GO-DIR-04-2020,https://projects.worldbank.org/en/projects-operations/contractoverview/1615865,Argentina,660600.0,USD,): SHANGHAI TO-ALL FOREIGN TRADING CO,): 上海通全对外贸易有限公司,487309,China,1,0,0,0.0
2020,2020-04-13,Contract,1615710,Overoles de seguridad,P173767,AR: COVID-19 Emergency Response Project,Health,Health,Goods,Project procurement contracts,World Bank,1615710,GO-DIR-03-2020,https://projects.worldbank.org/en/projects-operations/contractoverview/1615710,Argentina,238200.0,USD,BESTLUCK ENTERPRISE,百事达企业,487051,China,1,0,0,0.0
2019,2019-12-09,Contract,1606341,Lote 1: Ecógrafo Portátil,P106735,Provincial Public Health Insurance Development Project,Health,Health,Goods,Project procurement contracts,World Bank,1606341,AR-MSAL-71694-GO-RFB Lote 1,https://projects.worldbank.org/en/projects-operations/contractoverview/1606341,Argentina,382000.0,USD,CHISON MEDICAL TECHNOLOGIES CO,中山医疗科技有限公司,431235,China,1,0,0,0.0
2019,2019-09-27,Contract,1616717,"Mantenimiento Periódico del camino vecinal Dv. Saywite -Cachora, Distrito de SanPedro de Cachora, Provincia de Abancay, Región Apurimac",P132515,Support to the Subnational Transport Program Project,Transportation,Infrastructure & Energy,Works,Project procurement contracts,World Bank,1616717,PE-PROVIAS-163546-CW-RFB,https://projects.worldbank.org/en/projects-operations/contractoverview/1616717,Peru,2283636.21,USD,"Jagui S.A.C.; Weihai Construction Group Co., Ltd.",威海建设集团有限公司,489050; 489096,Peru; China,1,1,1,0.0
2018,2018-12-10,Contract,1580217,Lote 1: Contador Hematológico de 3 diferenciales (grande),P106735,Provincial Public Health Insurance Development Project,Health,Health,Goods,Project procurement contracts,World Bank,1580217,AR-PHIP-640-B-LPI,https://projects.worldbank.org/en/projects-operations/contractoverview/1580217,Argentina,240785.07,USD,SHENZHEN MINDRAY BIO-MEDICAL ELECTRONIC CO.,深圳市迈瑞生物医药电子有限公司,542139,China,1,0,0,0.0
2018,2018-09-11,Contract,1562978,CONSTRUCCIÓN DEL TRAMO CARRETERO SAN JOSÉ DE CHIQUITOS - SAN IGNACIO DE VELASCO,P152281,Santa Cruz Road Corridor Connector Project (San Ignacio - San Jose),Transportation,Infrastructure & Energy,Works,Project procurement contracts,World Bank,1562978,ABC Nro 711/18 GNT-SCT-MRH-BM,https://projects.worldbank.org/en/projects-operations/contractoverview/1562978,Bolivia,112041241.23,USD,China State Construction Engineering Corporation Limited,四、中国建筑工程总公司,406543,China,1,1,0,0.0
2018,2018-07-05,Contract,1562888,FS TIC Nº 1/16 - Adquisición de Sistema Cluster HPC,P106752,Unleashing Productive Innovation Project,Info & Communication; Education; Industry & Trade/Ser,Education,Goods,Project procurement contracts,World Bank,1562888,8634 - AR-MINCYT-28511-GO-RFB,https://projects.worldbank.org/en/projects-operations/contractoverview/1562888,Argentina,2402000.0,USD,LENOVO GLOBAL TECHNOLOGY HK LIMITED,联想环球科技香港有限公司,369143,China,1,0,0,0.0
2018,2018-05-28,Contract,1566879,Mary Eming Young,P101504,Second Bolsa Família,Social Protection,,Consultant Services,Project procurement contracts,World Bank,1566879,3B23 -CS-SNPDH,https://projects.worldbank.org/en/projects-operations/contractoverview/1566879,Brazil,25764.23,USD,INDIVIDUAL CONSULTANT,个人顾问,03ee2bf4e77f869d,China,1,0,0,0.0
2018,2018-05-17,Contract,1560811,"LOTE 4 - MALLA 5 RUTA 09 SANTA CRUZ - TRINIDAD, TRAMO: NUEVA COTOCA - TRINIDAD, RUTA 03 PUERTO VARADOR - TRINIDAD Y RUTA 09 TRINIDAD - SAN JAVIER",P144597,BO Road Sector Capacity Development Project,Transportation,Infrastructure & Energy,Works,Project procurement contracts,World Bank,1560811,ABC No 495/18 GNT-SCV-MRH-BM,https://projects.worldbank.org/en/projects-operations/contractoverview/1560811,Bolivia,44871933.48,USD,CHINA HARBOUR ENGINEERING COMPANY LIMITED; CCCC SECOND HIGWAY ENGINEERING CO. LTD.,中国港湾工程有限公司；中交第二航运工程有限公司,346455; 346456,China; China,1,1,0,0.0
2018,2018-05-17,Contract,1560809,"LOTE 1 - MALLA 2 RUTA 09 SANTA CRUZ - TRINIDAD, TRAMO: CUATRO CAÑADAS - NUCLEO II",P144597,BO Road Sector Capacity Development Project,Transportation,Infrastructure & Energy,Works,Project procurement contracts,World Bank,1560809,ABC No 494/18 GNT-SCV-MRJ-BM,https://projects.worldbank.org/en/projects-operations/contractoverview/1560809,Bolivia,25877790.61,USD,CHINA HARBOUR ENGINEERING COMPANY LIMITED; CCCC SECOND HIGWAY ENGINEERING CO. LTD.,中国港湾工程有限公司；中交第二航运工程有限公司,346455; 346456,China; China,1,1,0,0.0
2018,2018-04-12,Contract,1554457,Adquisición de Computadores personales para el Programa de Comunidad Educativa en Línea en los Circuitos Focalizados,P152096,Supporting Education Reform in Targeted Circuits,Education,Education,Goods,Project procurement contracts,World Bank,1554457,BIRF-8542-LPI-B-2016-001,https://projects.worldbank.org/en/projects-operations/contractoverview/1554457,Ecuador,5893050.24,USD,HAIER INTERNATIONAL BUSSINESS CORPORATION LIMITED,海尔国际商务股份有限公司,349042,China,1,0,0,0.0
2017,2017-02-03,Contract,1543474,Mobiliario clinico hospitalario - LOTE 3,P117157,STRENGTHENING PUBLIC HEALTH CARE SYSTEM,,Health,Goods,Project procurement contracts,World Bank,1543474,FSSPSV-281-LPI-B,https://projects.worldbank.org/en/projects-operations/contractoverview/1543474,El Salvador,39157.44,USD,CONSORCIO JORMAR S.A.,CONSORCIO JORMAR S.A.,329063,China,1,0,0,0.0
2016,2016-11-21,Contract,1543384,Equipo de monitoreo clinico y fetal,P117157,STRENGTHENING PUBLIC HEALTH CARE SYSTEM,,Health,Goods,Project procurement contracts,World Bank,1543384,No. FSSPSV-277-LPI-B,https://projects.worldbank.org/en/projects-operations/contractoverview/1543384,El Salvador,2277836.83,USD,CONSORCIO JORMAR S.A.,CONSORCIO JORMAR S.A.,329063,China,1,0,0,0.0
2016,2016-08-17,Contract,1542734,Purchase of Power supply transformers,P114971,PY Energy Sector Strengthening Project,Goods,Infrastructure & Energy,4970900.0,Project procurement contracts,World Bank,1542734,6560/2016,https://projects.worldbank.org/en/projects-operations/contractoverview/1542734,Paraguay,,USD,95543,95543,China,1,,0,0,
2015,2015-11-09,Contract,1535131,Lote 1: Bomba de Infusion a Jeringa y Lote 5: Medidor de Saturacion de Oxigeno,P106735,Provincial Public Health Insurance Development Project,Health,Health,Goods,Project procurement contracts,World Bank,1535131,PHIP-3-LPI-B-8,https://projects.worldbank.org/en/projects-operations/contractoverview/1535131,Argentina,681742.0,USD,MR INVESTMENTS (HK) LIMITED,先生投资（香港）有限公司,322913,China,1,0,0,0.0
2015,2015-08-05,Contract,1541158,Rockfall Mitigation - Sendall Tunnel,P117871,Regional Disaster Vulnerability Reduction APL1 - Grenada and St. Vincent and the Grenadines,Public Admin; Transportation; Water/Sanit/Waste,"Water, Sanitation & Waste",Works,Project procurement contracts,World Bank,1541158,DVRP/NCBW/01,https://projects.worldbank.org/en/projects-operations/contractoverview/1541158,OECS Countries,1096118.31,USD,JIANGSU GEOLOGY & ENGINEERING CO. LTD,江苏地质工程有限公司,113557,China,1,0,0,0.0
2015,2015-04-14,Contract,1530142,Supply Cables Insulators and MUFAs to 23 kV and Cables Description of Contract,P114971,PY Energy Sector Strengthening Project,,Infrastructure & Energy,Goods,Project procurement contracts,World Bank,1530142,764/2014,https://projects.worldbank.org/en/projects-operations/contractoverview/1530142,Paraguay,776196.6,USD,NARI GROUP CORP.,南瑞集团有限公司,95543,China,1,1,0,0.0
2015,2015-02-17,Contract,1527391,Lote 3,P114971,PY Energy Sector Strengthening Project,,Infrastructure & Energy,Goods,Project procurement contracts,World Bank,1527391,ANDE-BIRF N 756/2014,https://projects.worldbank.org/en/projects-operations/contractoverview/1527391,Paraguay,3676416.67,USD,NARI GROUP CORPORATION,南瑞集团公司,186085,China,1,1,0,0.0
2015,2015-02-17,Contract,1527390,Contractor Overview,P114971,PY Energy Sector Strengthening Project,,Infrastructure & Energy,Goods,Project procurement contracts,World Bank,1527390,ANDE-BIRF N 756/2014,https://projects.worldbank.org/en/projects-operations/contractoverview/1527390,Paraguay,5664660.47,USD,NARI GROUP CORPORATION,南瑞集团公司,186085,China,1,1,0,0.0
2015,2015-02-17,Contract,1527389,Lote 1,P114971,PY Energy Sector Strengthening Project,,Infrastructure & Energy,Goods,Project procurement contracts,World Bank,1527389,ANDE-BIRF N 756/2014,https://projects.worldbank.org/en/projects-operations/contractoverview/1527389,Paraguay,2376304.23,USD,NARI GROUP CORPORATION,南瑞集团公司,186085,China,1,1,0,0.0
2013,2013-03-28,Contract,1507024,"Adquisicion de Equipamiento Basico de Hospitales Primarios, Hospitales Departamentales y Regionales",P106870,Improving Community and Family Health Care Services Project,Health,Health,Goods,Project procurement contracts,World Bank,1507024,LPI 02/05/2011-Adquisicion Equip Basico,https://projects.worldbank.org/en/projects-operations/contractoverview/1507024,Nicaragua,376160.0,USD,SHENZEN MINDRAY BIO-MEDICAL ELECTRONIC,深圳迈瑞生物医用电子,304538,China,1,0,0,0.0
2012,2012-10-24,Contract,1327057,"Supply of 60 electric multiple units-EMUS, with 4 cars each, for SETRANS",P111996,Upgrading and Greening the Rio de Janeiro Urban Rail System,,Infrastructure & Energy,Goods,Project procurement contracts,World Bank,1327057,No. 018/ASJUR/12,https://projects.worldbank.org/en/projects-operations/contractoverview/1327057,Brazil,358482289.23,USD,"CHINA NATIONAL MACHINERY IMP & EXP-CMC; CNR CHANGCHUN RAILWAY VEHICLES CO, LTD",中国机械进出口集团有限公司；中国国铁集团长春车辆厂,172213; 172214,China; China,1,1,0,0.0
2012,2012-08-28,Contract,1325071,Lote 1 - item 1 - Lector de Elisa spectrofotómetro para realizar la densidad óptica en microplacas (método Elisa).,P090993,AR- Essential Public Health Functions,Public Admin; Health,Health,Goods,Project procurement contracts,World Bank,1325071,FESP-292-B,https://projects.worldbank.org/en/projects-operations/contractoverview/1325071,Argentina,897750.0,USD,SHENZHEN MINDRAY BIO-MEDICAL ELECTRONI,深圳迈瑞生物,191675,China,1,0,0,0.0
2009,2009-06-23,Contract,1284880,"Supply of 30 electric multiple EMUS, with 4 cars each, for SETRANS",P111996,Upgrading and Greening the Rio de Janeiro Urban Rail System,,Infrastructure & Energy,Goods,Project procurement contracts,World Bank,1284880,006/asjur/09,https://projects.worldbank.org/en/projects-operations/contractoverview/1284880,Brazil,220483182.53,USD,"CHINA NATIONAL MACHINERY IMP & EXP-CMC; CNR CHANGCHUN RAILWAY VEHICLES CO, LTD",中国机械进出口集团有限公司；中国国铁集团长春车辆厂,172213; 172214,China; China,1,1,0,0.0
2005,2005-11-29,Contract,1255975,ANSE LA RAYE/MARIGOT CONSTRUCTION (NEW SECONDARY SCHOOL),P077712,ST. LUCIA Education Development Project,Public Admin; Education,Education,Works,Project procurement contracts,World Bank,1255975,SL/WB-ICB-W-01/05(B) ANSE LA RAYE,https://projects.worldbank.org/en/projects-operations/contractoverview/1255975,St. Lucia,4208014.81,USD,CHINA NATIONAL COMPLETE PLANT IMPORT & EXPORT SHANGHAI CORPORATION,中国成套设备进出口股份有限公司,102864,China,1,1,0,0.0
2005,2005-10-29,Contract,1256115,GROS ISLET SECONDARY SCHOOL CONSTRUCTION,P077712,ST. LUCIA Education Development Project,Public Admin; Education,Education,Works,Project procurement contracts,World Bank,1256115,SL/WB-ICB-W-01/05(A) GROS ISLET,https://projects.worldbank.org/en/projects-operations/contractoverview/1256115,St. Lucia,3865650.76,USD,CHINA NATIONAL COMPLETE PLANT IMPORT & EXPORT SHANGHAI CORPORATION; C.O. WILLIAMS (ST. LUCIA) LTD.,中国成套设备进出口集团有限公司；威廉姆斯公司（圣卢西亚）,102864; 139177,China; St. Lucia,1,1,1,0.0
2004,2004-04-02,Contract,1240081,SUMINISTRO DE MEDIDORES MONOFASICOS DE ENERGIA ELECTRICA ACTIVA Y ACCESORIOS,P008177,Uruguay Power Transmission & Distribution Project,,Infrastructure & Energy,Goods,Project procurement contracts,World Bank,1240081,FF31A HOLLEY GROPU CO. LTD.,https://projects.worldbank.org/en/projects-operations/contractoverview/1240081,Uruguay,1457000.0,USD,HOLLEY CROPU CO. LTD,华立作物有限公司,118656,China,1,0,0,0.0
2002,2002-08-06,Contract,1224257,PURCHASE OF MEDICAL AND INDUSTRIAL EQUIP. AND FURNITURE,P007927,PY-Maternal Health and Child Development Project,Public Admin; Education; Health,Education,Goods,Project procurement contracts,World Bank,1224257,ARGON S.R.L. - 106/2.002N (LPI 01-2001),https://projects.worldbank.org/en/projects-operations/contractoverview/1224257,Paraguay,221760.85,USD,ST. FRANCIS MEDICAL; GEBRUDER MARTIN GMBH & CO. KG; HEINE,英石。弗朗西斯医疗；吉布德马丁有限公司；海涅,90079; 97788; 100523,China; Germany; Germany,1,0,1,0.0
2002,2002-04-12,Contract,1215237,"PURCHASE OF ENERGY METERS AND ACCESSORIES, ITEM 2",P008177,Uruguay Power Transmission & Distribution Project,,Infrastructure & Energy,Goods,Project procurement contracts,World Bank,1215237,"FF31, HOLLEY GROUP CO. LTD. (ITEM 2)",https://projects.worldbank.org/en/projects-operations/contractoverview/1215237,Uruguay,65750.0,USD,HOLLEY GROUP CO. LTD.,华立集团有限公司,89346,China,1,1,0,0.0
2001,2001-06-27,Contract,1211670,"ADQUISICION DE EQUIPOS MEDICOS PARA 6 DEPTOS. CONCEPCIÓN, SAN PEDRO, ALTO PARANA, AMAMBAY, CANINDEYU, ALTO PARAGUAY",P007927,PY-Maternal Health and Child Development Project,Public Admin; Education; Health,Education,Goods,Project procurement contracts,World Bank,1211670,"ARGON LOTE 4,5,;9,4; 12.2;15.3",https://projects.worldbank.org/en/projects-operations/contractoverview/1211670,Paraguay,126221.45,USD,ARGON; ST. FRANCIS MEDICAL,氩气；英石。方济各医疗,85513; 90079,Paraguay; China,1,0,1,0.0
2021,2021-11-19,,SUB0904,Health Services Improvement Project,SU-L1054,Health Services Improvement Project,HEALTH SYSTEM STRENGTHENING,Health,Loan Operation,Direct Contracting/Selection,IDB,,,,SURINAME,109400.0,USD,TIANJIN YORKOOL INT TRADI,天津优固国际贸易有限公司,CN,CHINA,1,0,0,
2020,2020-03-06,,TTA1788,Health Services Support Program,TT-L1039,Health Services Support Program,HEALTH SYSTEM STRENGTHENING,Health,Loan Operation,Direct Contracting/Selection,IDB,,,,TRINIDAD AND TOBAGO,290000.0,USD,BGI HEALTH (HK) CO. LTD,华大健康（香港）有限公司,CN,CHINA,1,0,0,
2025,2025-10-10,,BO-L1190-P00071-C02,Electricity Infrastructure Expansion Program,BO-L1190,Electricity Infrastructure Expansion Program,NEW POWER DISTRIBUTION & TRANSMISSION PROJECTS,Infrastructure & Energy,Loan Operation,International Competitive Bidding,IDB,,,,BOLIVIA,609435.16,USD,"SHANDONG RUITAI GLASS INSULATOR CO.,LTD",山东瑞泰玻璃绝缘子有限公司,CN,CHINA,1,0,0,
2023,2023-04-24,,SUA0378,Consolidating a Sustainable Energy Sector,SU-L1055,Consolidating a Sustainable Energy Sector,RURAL ELECTRIFICATION,Infrastructure & Energy,Loan Operation,International Competitive Bidding,IDB,,,,SURINAME,689813.0,USD,SINO SOAR HYBRID TECH CO,中翔混合动力科技有限公司,CN,CHINA,1,0,0,
2025,2025-04-04,,BO-L1190-P00064-C01,Electricity Infrastructure Expansion Program,BO-L1190,Electricity Infrastructure Expansion Program,NEW POWER DISTRIBUTION & TRANSMISSION PROJECTS,Infrastructure & Energy,Loan Operation,International Competitive Bidding,IDB,,,,BOLIVIA,782352.85,USD,"SHENZHEN SDG INFORMATION CO., LTD.",深圳市特发信息股份有限公司,CN,CHINA,1,1,0,
2023,2023-04-07,,SU-L1055-P00039-C01,Consolidating a Sustainable Energy Sector,SU-L1055,Consolidating a Sustainable Energy Sector,RURAL ELECTRIFICATION,Infrastructure & Energy,Loan Operation,International Competitive Bidding,IDB,,,,SURINAME,869286.27,USD,"Sino Soar Hybrid (Beijing) Technology Co.,Ltd.",中翔混合动力（北京）科技有限公司,CN,CHINA,1,0,0,
2025,2025-10-10,,BO-L1190-P00071-C01,Electricity Infrastructure Expansion Program,BO-L1190,Electricity Infrastructure Expansion Program,NEW POWER DISTRIBUTION & TRANSMISSION PROJECTS,Infrastructure & Energy,Loan Operation,International Competitive Bidding,IDB,,,,BOLIVIA,1048109.0,USD,"JIANGSU SHUANGHUI POWER DEVELOPMENT CO.,LTD.",江苏双汇电力发展有限公司,CN,CHINA,1,1,0,
2025,2025-04-07,,PN-L1154-P0049-C02,Comprehensive urban urban development program with tourist vocations,PN-L1154,Comprehensive urban urban development program with tourist vocations,URBAN LAND PLANNING AND MANAGEMENT,Infrastructure & Energy,Loan Operation,International Competitive Bidding,IDB,,,,PANAMA,1399300.0,USD,"YUTONG  BUS CO., LTD",宇通客车股份有限公司,CN,CHINA,1,0,0,
2022,2022-11-23,,SU-L1055-P00038-C01,Consolidating a Sustainable Energy Sector,SU-L1055,Consolidating a Sustainable Energy Sector,RURAL ELECTRIFICATION,Infrastructure & Energy,Loan Operation,International Competitive Bidding,IDB,,,,SURINAME,1778860.86,USD,"Sino Soar Hybrid (Beijing) Technology Co.,Ltd.",中翔混合动力（北京）科技有限公司,CN,CHINA,1,0,0,
2025,2025-01-30,,BA-L1012-P00017-C01,Deployment of Cleaner Fuels and Renewable Energies in Barbados,BA-L1012,Deployment of Cleaner Fuels and Renewable Energies in Barbados,ENERGY SECTOR REHABILITATION AND EFFICIENCY,Infrastructure & Energy,Loan Operation,International Competitive Bidding,IDB,,,,BARBADOS,2351703.3,USD,INSTEC-Sino Soar Consortium,中国科学院战略研究联合体,CN,CHINA,1,1,0,
2023,2023-09-26,,SU-L1055-P00036-C02,Consolidating a Sustainable Energy Sector,SU-L1055,Consolidating a Sustainable Energy Sector,RURAL ELECTRIFICATION,Infrastructure & Energy,Loan Operation,International Competitive Bidding,IDB,,,,SURINAME,2548146.0,USD,Power China Jhianxi electric power contruction co. Ltd.,国家电网有限公司江西分公司,CN,CHINA,1,1,0,
2019,2019-10-07,,SUA0332,Paramaribo Urban Rehabilitation Program,SU-L1046,Paramaribo Urban Rehabilitation Program,URBAN REHABILITATION AND HERITAGE,Infrastructure & Energy,Loan Operation,International Competitive Bidding,IDB,,,,SURINAME,3409251.0,USD,THE 23RD METALLURGICAL CO,中国冶金建设有限公司,CN,CHINA,1,1,0,
2025,2025-01-31,,TT-L1055-P00092-C01,Trinidad and Tobago National Water Sector Transformation Program,TT-L1055,Trinidad and Tobago National Water Sector Transformation Program,WATER SUPPLY URBAN,"Water, Sanitation & Waste",Loan Operation,International Competitive Bidding,IDB,,,,TRINIDAD AND TOBAGO,5870462.39,USD,SINOHYDRO Corporation Limited,中国水电有限公司,CN,CHINA,1,1,0,
2021,2021-05-18,,ECA2876,Support for the Advancement of the Energy Matrix Transition in Ecuador,EC-L1223,Support for the Advancement of the Energy Matrix Transition in Ecuador,NEW POWER DISTRIBUTION & TRANSMISSION PROJECTS,Infrastructure & Energy,Loan Operation,International Competitive Bidding,IDB,,,,ECUADOR,6024168.0,USD,HENAN DINGLI POWER EQUIPM,河南鼎力动力设备有限公司,CN,CHINA,1,0,0,
2021,2021-05-18,,ECA2877,Support for the Advancement of the Energy Matrix Transition in Ecuador,EC-L1223,Support for the Advancement of the Energy Matrix Transition in Ecuador,NEW POWER DISTRIBUTION & TRANSMISSION PROJECTS,Infrastructure & Energy,Loan Operation,International Competitive Bidding,IDB,,,,ECUADOR,7261436.0,USD,HENAN DINGLI POWER EQUIPM,河南鼎力动力设备有限公司,CN,CHINA,1,0,0,
2024,2024-11-01,,BO-L1190-P00019-C01,Electricity Infrastructure Expansion Program,BO-L1190,Electricity Infrastructure Expansion Program,NEW POWER DISTRIBUTION & TRANSMISSION PROJECTS,Infrastructure & Energy,Loan Operation,International Competitive Bidding,IDB,,,,BOLIVIA,7725322.86,USD,TBEA SHANDONG LUNENG TAISHAN CABLE CO. LTD,特变电工山东鲁能泰山电缆有限公司,CN,CHINA,1,0,0,
2024,2024-09-06,,SU-L1052-P00002-C01,Sustainable Agricultural Productivity Program,SU-L1052,Sustainable Agricultural Productivity Program,IRRIGATION AND DRAINAGE,"Water, Sanitation & Waste",Loan Operation,International Competitive Bidding,IDB,,,,SURINAME,7789273.23,USD,Power China Jhianxi electric power contruction co. Ltd.,国家电网有限公司江西分公司,CN,CHINA,1,1,0,
2022,2022-03-14,,PEA7986,Improving Tax and Customs Revenue Collection Services Through Digital Transformation,PE-L1239,Improving Tax and Customs Revenue Collection Services Through Digital Transformation,FISCAL POLICY FOR SUSTAINABILITY AND GROWTH,Digital Economy & ICT,Loan Operation,International Competitive Bidding,IDB,,,,PERU,7900000.0,USD,NUCTECH COMPANY LIMITED,同方威视股份有限公司,CN,CHINA,1,0,0,
2024,2024-08-23,,BO-L1190-P00042-C01,Electricity Infrastructure Expansion Program,BO-L1190,Electricity Infrastructure Expansion Program,NEW POWER DISTRIBUTION & TRANSMISSION PROJECTS,Infrastructure & Energy,Loan Operation,International Competitive Bidding,IDB,,,,BOLIVIA,8309935.75,USD,PINGGAO GROUP INTERNATIONAL ENGINEERING CO. LTD.,平高集团国际工程有限公司,CN,CHINA,1,1,0,
2023,2023-08-16,,SUA2213,Health Services Improvement Project,SU-L1054,Health Services Improvement Project,HEALTH SYSTEM STRENGTHENING,Health,Loan Operation,,IDB,,,,SURINAME,12845260.0,USD,THE 23RD METALLURGICAL CONSTRUCTION GROUP,第二十三冶金建设集团公司,CN,CHINA,1,1,0,
2023,2023-12-27,,ECA2895,Sustainable Management of Underground Resources and Associated Infrastructure,EC-L1257,Sustainable Management of Underground Resources and Associated Infrastructure,NEW OIL AND GAS AND EXTRACTIVE INDUSTRIES,Infrastructure & Energy,Loan Operation,International Competitive Bidding,IDB,,,,ECUADOR,13300000.0,USD,AVIC INT HOLDING CORP,中航国际控股股份有限公司,CN,CHINA,1,1,0,
2021,2021-05-18,,ECA2875,Support for the Advancement of the Energy Matrix Transition in Ecuador,EC-L1223,Support for the Advancement of the Energy Matrix Transition in Ecuador,NEW POWER DISTRIBUTION & TRANSMISSION PROJECTS,Infrastructure & Energy,Loan Operation,International Competitive Bidding,IDB,,,,ECUADOR,13782973.0,USD,CONSORCIOS LONGFOR,财团渴望,CN,CHINA,1,0,0,
2023,2023-11-16,,SU-L1057-P00036-C01,Improving Transport Logistics and Competitiveness in Suriname,SU-L1057,Improving Transport Logistics and Competitiveness in Suriname,PORT INFRASTRUCTURE,"Industry, Trade & Finance",Loan Operation,International Competitive Bidding,IDB,,,,SURINAME,16689701.44,USD,Joint Venture: China Road and Bridge Corporation & Kuldipsingh Infra NV,中国路桥工程有限责任公司与库迪普辛格基础设施公司合资,CN,CHINA,1,1,0,
2024,2024-12-17,,GYB1390,Health Care Network Strengthening in Guyana,GY-L1080,Health Care Network Strengthening in Guyana,HEALTH SYSTEM STRENGTHENING,Health,Loan Operation,National Competive Bidding,IDB,,,,GUYANA,21269051.0,USD,PCI-SINOPHARMINTL CONSORT,中国医药集团国际联合体,CN,CHINA,1,1,0,
2025,2025-05-21,,GY-G1007-P00003-C01,Guyana Utility Scale Solar Photovoltaic Program (Guysol),GY-G1007,Guyana Utility Scale Solar Photovoltaic Program (Guysol),ENERGY EFFICIENCY AND RENEWABLE ENERGY IN END USE,Infrastructure & Energy,Investment Grants,International Competitive Bidding,IDB,,,,GUYANA,22588888.0,USD,Joint Venture of SUMEC Complete Equipment & Engineering Co. Ltd and XJ Group Corporation,苏梅达集团与新晶集团合资,CN,CHINA,1,1,0,
2024,2024-12-17,,GYB1389,Health Care Network Strengthening in Guyana,GY-L1080,Health Care Network Strengthening in Guyana,HEALTH SYSTEM STRENGTHENING,Health,Loan Operation,National Competive Bidding,IDB,,,,GUYANA,27429307.0,USD,PCI-SINOPHARMINTL CONSORT,中国医药集团国际联合体,CN,CHINA,1,1,0,
2024,2024-11-05,,GYB1383,Health Care Network Strengthening in Guyana,GY-L1080,Health Care Network Strengthening in Guyana,HEALTH SYSTEM STRENGTHENING,Health,Loan Operation,National Competive Bidding,IDB,,,,GUYANA,31099200.0,USD,CMEC - SINOPHARMINTL CONS,中国机械工程-国药国际联合体,CN,CHINA,1,1,0,
2024,2024-01-16,,JA-L1049-P61395-C01,Support for the Health Systems Strengthening for the Prevention and Care Management of Non-Communicable Diseases Programme,JA-L1049,Support for the Health Systems Strengthening for the Prevention and Care Management of Non-Communicable Diseases Programme,HEALTH SYSTEM STRENGTHENING,Health,Loan Operation,International Competitive Bidding,IDB,,,,JAMAICA,35182672.02,USD,Jiangsu Zhenhuai Construction Group Co. Ltd,江苏振淮建设集团有限公司,CN,CHINA,1,1,0,
2024,2024-03-26,,GYB1353,Guyana Utility Scale Solar Photovoltaic Program (Guysol),GY-G1007,Guyana Utility Scale Solar Photovoltaic Program (Guysol),ENERGY EFFICIENCY AND RENEWABLE ENERGY IN END USE,Infrastructure & Energy,Investment Grants,International Competitive Bidding,IDB,,,,GUYANA,37794412.0,USD,SUMEC COMPLETE EQUIPMENT,苏梅达集团股份有限公司,CN,CHINA,1,1,0,
2017,2017-12-11,,GYB1008,Road Network Upgrade and Expansion Program,GY-L1031,Road Network Upgrade and Expansion Program,TRANSPORT,Infrastructure & Energy,Loan Operation,International Competitive Bidding,IDB,,,,GUYANA,38198002.0,USD,SINOHYDRO CORPORATION LTD,中国水电股份有限公司,CN,CHINA,1,1,0,
2024,2024-02-22,,GYA0660,Program to Support Climate Resilient Road Infrastructure Development,GY-L1081,Program to Support Climate Resilient Road Infrastructure Development,MAJOR HIGHWAYS,Infrastructure & Energy,Loan Operation,National Competive Bidding,IDB,,,,GUYANA,75887908.0,USD,CHINA ROAD AND BRIDGE COR,中国路桥工程有限责任公司,CN,CHINA,1,1,0,
2018,2018-06-04,,BOA6446,Multipurpose Water Supply and Irrigation Program For the Municipios of Batallas,BO-L1080,Multipurpose Water Supply and Irrigation Program For the Municipios of Batallas,WATER SUPPLY RURAL AND PERI-URBAN,"Water, Sanitation & Waste",Loan Operation,International Competitive Bidding,IDB,,,,BOLIVIA,110236342.0,USD,ASOCC ACCID S&Z,ASOCC ACCID S&Z,CN,CHINA,1,0,0,
2018,2018-06-04,,BO-L1080-P00275-C01,Multipurpose Water Supply and Irrigation Program For the Municipios of Batallas,BO-L1080,Multipurpose Water Supply and Irrigation Program For the Municipios of Batallas,WATER SUPPLY RURAL AND PERI-URBAN,"Water, Sanitation & Waste",Loan Operation,International Competitive Bidding,IDB,,,,BOLIVIA,111229863.79,USD,ASOCIACION ACCIDENTAL S&Z,萨斯万德兹公司联合体,CN,CHINA,1,0,0,
2019,2019-03-28,,BOA6462,Rural Electrification Program II,BO-L1117,Rural Electrification Program II,RURAL ELECTRIFICATION,Infrastructure & Energy,Loan Operation,International Competitive Bidding,IDB,,,,BOLIVIA,93840.0,USD,HENGTONG OPTIC ELECTRIC C,亨通集团股份有限公司,CN,CHINA,1,1,0,
2018,2018-12-11,,HAA6730,Private Sector Development through Investment Promotion,HA-L1078,Private Sector Development through Investment Promotion,EXPORT AND INVESTMENT PROMOTION,"Industry, Trade & Finance",Grant Financing Product,,IDB,,,,HAITI,120000.0,USD,WAVTEQ LIMITED,沃泰克有限公司,CN,CHINA,1,0,0,
2013,2013-12-11,,BOA6284,Cochabamba - La Paz Transmission Line,BO-L1072,Cochabamba - La Paz Transmission Line,NEW POWER DISTRIBUTION & TRANSMISSION PROJECTS,Infrastructure & Energy,Loan Operation,International Competitive Bidding,IDB,,,,BOLIVIA,121137.0,USD,CHINANAT.ELEC W&CIMP/EXP,中国国电进出口有限公司,CN,CHINA,1,1,0,
2013,2013-09-18,,PNA5808,Competitiveness and Trade,PN-L1014,Competitiveness and Trade,BUSINESS CLIMATE AND COMPETITIVENESS,"Industry, Trade & Finance",Loan Operation,,IDB,,,,PANAMA,197175.0,USD,HONG KONG WORLDTRADE CENTERS ASSOC,香港世界贸易中心协会,CN,CHINA,1,0,0,
2014,2014-06-05,,BOB0594,Rural Electrification Program,BO-L1050,Rural Electrification Program,RURAL ELECTRIFICATION,Infrastructure & Energy,Loan Operation,National Competive Bidding,IDB,,,,BOLIVIA,214123.0,USD,JIANGZU ZHONGTIAN TEC CO,江祖中天科技有限公司,CN,CHINA,1,0,0,
2017,2017-08-09,,HAA6358,Private Sector Development through Investment Promotion,HA-L1078,Private Sector Development through Investment Promotion,EXPORT AND INVESTMENT PROMOTION,"Industry, Trade & Finance",Grant Financing Product,,IDB,,,,HAITI,240275.0,USD,WAVTEQ LIMITED,沃泰克有限公司,CN,CHINA,1,0,0,
2013,2013-12-11,,BOA6286,Cochabamba - La Paz Transmission Line,BO-L1072,Cochabamba - La Paz Transmission Line,NEW POWER DISTRIBUTION & TRANSMISSION PROJECTS,Infrastructure & Energy,Loan Operation,International Competitive Bidding,IDB,,,,BOLIVIA,258750.0,USD,PEOPLES CABLE GROUP CO LT,人民电缆集团有限公司,CN,CHINA,1,1,0,
2016,2016-11-15,,JAA3228,Public Sector Efficiency Program,JA-X1007,Public Sector Efficiency Program,REFORM AND PUBLIC SECTOR SUPPORT,Public Admin & Governance,Investment Grants,,IDB,,,,JAMAICA,263300.0,USD,INFOCIVITAS LIMITED,信息有限公司,CN,CHINA,1,0,0,
2014,2014-08-27,,BOA6348,Rural Electrification Program,BO-L1050,Rural Electrification Program,RURAL ELECTRIFICATION,Infrastructure & Energy,Loan Operation,International Competitive Bidding,IDB,,,,BOLIVIA,297306.0,USD,TBEA SHANDONG LUNENG TAIS,特变电工山东鲁能泰斯,CN,CHINA,1,1,0,
2014,2014-08-22,,BOA6340,Cochabamba - La Paz Transmission Line,BO-L1072,Cochabamba - La Paz Transmission Line,NEW POWER DISTRIBUTION & TRANSMISSION PROJECTS,Infrastructure & Energy,Loan Operation,International Competitive Bidding,IDB,,,,BOLIVIA,327455.0,USD,PEOPLES CABLE GROUP CO LT,人民电缆集团有限公司,CN,CHINA,1,1,0,
2019,2019-03-29,,BOA6461,Rural Electrification Program II,BO-L1117,Rural Electrification Program II,RURAL ELECTRIFICATION,Infrastructure & Energy,Loan Operation,International Competitive Bidding,IDB,,,,BOLIVIA,343689.0,USD,HENGTONG OPTIC ELECTRIC C,亨通集团股份有限公司,CN,CHINA,1,1,0,
2019,2019-05-06,,BOB0681,Rural Electrification Program II,BO-L1117,Rural Electrification Program II,RURAL ELECTRIFICATION,Infrastructure & Energy,Loan Operation,National Competive Bidding,IDB,,,,BOLIVIA,350637.0,USD,CHINA NAT CABLE ENG. CO.,中国国电布防有限公司,CN,CHINA,1,1,0,
2014,2014-04-08,,CRA2562,Power Sector Development Program 2012-2016 (Reventazon Hydroelectric Project),CR-L1049,Power Sector Development Program 2012-2016 (Reventazon Hydroelectric Project),NEW HYDROPOWER PROJECTS,Infrastructure & Energy,Loan Operation,International Competitive Bidding,IDB,,,,COSTA RICA,411945.0,USD,SUMEC COMPLETE EQUIPMENT,苏梅达集团股份有限公司,CN,CHINA,1,1,0,
2013,2013-12-03,,BOA6282,Rural Electrification Program,BO-L1050,Rural Electrification Program,RURAL ELECTRIFICATION,Infrastructure & Energy,Loan Operation,International Competitive Bidding,IDB,,,,BOLIVIA,412903.0,USD,CHINA NATIONAL W&C M&X,中国机械进出口集团有限公司,CN,CHINA,1,1,0,
2013,2013-12-03,,BOB0570,Cochabamba - La Paz Transmission Line,BO-L1072,Cochabamba - La Paz Transmission Line,NEW POWER DISTRIBUTION & TRANSMISSION PROJECTS,Infrastructure & Energy,Loan Operation,National Competive Bidding,IDB,,,,BOLIVIA,412903.0,USD,CHINANAT.ELEC W&CIMP/EXP,中国国电进出口有限公司,CN,CHINA,1,1,0,
2017,2017-03-28,,HAA6333,Private Sector Development through Investment Promotion,HA-L1078,Private Sector Development through Investment Promotion,EXPORT AND INVESTMENT PROMOTION,"Industry, Trade & Finance",Grant Financing Product,,IDB,,,,HAITI,492760.0,USD,WAVTEQ LIMITED,沃泰克有限公司,CN,CHINA,1,0,0,
2018,2018-03-01,,HAA6463,Private Sector Development through Investment Promotion,HA-L1078,Private Sector Development through Investment Promotion,EXPORT AND INVESTMENT PROMOTION,"Industry, Trade & Finance",Grant Financing Product,,IDB,,,,HAITI,500000.0,USD,WAVTEQ LIMITED,沃泰克有限公司,CN,CHINA,1,0,0,
2014,2014-03-31,,BOB0585,Rural Electrification Program,BO-L1050,Rural Electrification Program,RURAL ELECTRIFICATION,Infrastructure & Energy,Loan Operation,Others,IDB,,,,BOLIVIA,561173.0,USD,CHINA NATIONAL W&C M&X,中国机械进出口集团有限公司,CN,CHINA,1,1,0,
2010,2010-09-30,,CRA2242,First Electric Power Sector Development Program 2008-2011,CR-L1009,First Electric Power Sector Development Program 2008-2011,NEW POWER DISTRIBUTION & TRANSMISSION PROJECTS,Infrastructure & Energy,Loan Operation,International Competitive Bidding,IDB,,,,COSTA RICA,605000.0,USD,CHINT ELECTRIC CO LTD,正泰电气股份有限公司,CN,CHINA,1,0,0,
2014,2014-07-25,,BOB0602,Rural Electrification Program,BO-L1050,Rural Electrification Program,RURAL ELECTRIFICATION,Infrastructure & Energy,Loan Operation,National Competive Bidding,IDB,,,,BOLIVIA,781602.0,USD,SHANDONG POWER EQ CO.LTD,山东省电能环保股份有限公司,CN,CHINA,1,1,0,
2013,2013-09-30,,BOB0562,Cochabamba - La Paz Transmission Line,BO-L1072,Cochabamba - La Paz Transmission Line,NEW POWER DISTRIBUTION & TRANSMISSION PROJECTS,Infrastructure & Energy,Loan Operation,National Competive Bidding,IDB,,,,BOLIVIA,792449.0,USD,CHINA NATIONAL W&C M&X,中国机械进出口集团有限公司,CN,CHINA,1,1,0,
2019,2019-01-30,,BOA6459,Rural Electrification Program II,BO-L1117,Rural Electrification Program II,RURAL ELECTRIFICATION,Infrastructure & Energy,Loan Operation,International Competitive Bidding,IDB,,,,BOLIVIA,819168.0,USD,ZTT INTERNATIONAL LIMITED,中天国际有限公司,CN,CHINA,1,0,0,
2013,2013-10-08,,BOB0564,Rural Electrification Program,BO-L1050,Rural Electrification Program,RURAL ELECTRIFICATION,Infrastructure & Energy,Loan Operation,National Competive Bidding,IDB,,,,BOLIVIA,1051200.0,USD,CHINA NATIONAL W&C M&X,中国机械进出口集团有限公司,CN,CHINA,1,1,0,
2021,2021-11-01,,PRA2306,Support for the Transmission System in Paraguay,PR-L1058,Support for the Transmission System in Paraguay,NEW POWER DISTRIBUTION & TRANSMISSION PROJECTS,Infrastructure & Energy,Loan Operation,International Competitive Bidding,IDB,,,,PARAGUAY,1290300.0,USD,NARI TECHNOLOGY CO LTD,科技有限公司,CN,CHINA,1,0,0,
2013,2013-10-08,,BOB0563,Rural Electrification Program,BO-L1050,Rural Electrification Program,RURAL ELECTRIFICATION,Infrastructure & Energy,Loan Operation,National Competive Bidding,IDB,,,,BOLIVIA,1995000.0,USD,CHINA NAT CABLE ENG. CO.,中国国电布防有限公司,CN,CHINA,1,1,0,
2019,2019-02-22,,BOA6460,Rural Electrification Program II,BO-L1117,Rural Electrification Program II,RURAL ELECTRIFICATION,Infrastructure & Energy,Loan Operation,International Competitive Bidding,IDB,,,,BOLIVIA,2239131.0,USD,CHINA NAT CABLE ENG. CO.,中国国电布防有限公司,CN,CHINA,1,1,0,
2020,2020-12-10,,ECA7810,Support to the transmission program in Ecuador,EC-L1117,Support to the transmission program in Ecuador,ENERGY INTEGRATION,Infrastructure & Energy,Loan Operation,,IDB,,,,ECUADOR,2600459.0,USD,CHANGJIANG INSTITUTE OF SURVEY PLANNIG DESING AND RESEARCH,长江勘测规划设计研究有限公司,CN,CHINA,1,0,0,
2011,2011-05-06,,VEB0590,Support to the Action Social Center of Music Program. Phase II,VE-L1017,Support to the Action Social Center of Music Program. Phase II,SOCIAL INVESTMENT,"Industry, Trade & Finance",Loan Operation,National Competive Bidding,IDB,,,,VENEZUELA,2733280.0,USD,TAIXING FENGLING MUSICAL,泰兴凤玲音乐剧,CN,CHINA,1,0,0,
2013,2013-06-06,,HAB1204,Rehabilitation of Road Infrastructure for Integration of the Territory,HA-L1019,Rehabilitation of Road Infrastructure for Integration of the Territory,TRANSPORT,Infrastructure & Energy,Grant Financing Product,National Competive Bidding,IDB,,,,HAITI,3262839.0,USD,HONGYUAN CONSTRUCTION COM,宏远建设有限公司,CN,CHINA,1,1,0,
2013,2013-11-18,,BOB0568,Cochabamba - La Paz Transmission Line,BO-L1072,Cochabamba - La Paz Transmission Line,NEW POWER DISTRIBUTION & TRANSMISSION PROJECTS,Infrastructure & Energy,Loan Operation,National Competive Bidding,IDB,,,,BOLIVIA,4073509.0,USD,TBEA SHANDONG LUNENG TAIS,特变电工山东鲁能泰斯,CN,CHINA,1,1,0,
2013,2013-06-25,,BOA6189,Cochabamba - La Paz Transmission Line,BO-L1072,Cochabamba - La Paz Transmission Line,NEW POWER DISTRIBUTION & TRANSMISSION PROJECTS,Infrastructure & Energy,Loan Operation,International Competitive Bidding,IDB,,,,BOLIVIA,7880200.0,USD,TBEA SHANDONG LUNENG TAIS,特变电工山东鲁能泰斯,CN,CHINA,1,1,0,
2010,2010-09-30,,CRA2241,First Electric Power Sector Development Program 2008-2011,CR-L1009,First Electric Power Sector Development Program 2008-2011,NEW POWER DISTRIBUTION & TRANSMISSION PROJECTS,Infrastructure & Energy,Loan Operation,International Competitive Bidding,IDB,,,,COSTA RICA,9138680.0,USD,CHINT ELECTRIC CO LTD,正泰电气股份有限公司,CN,CHINA,1,0,0,
2019,2019-06-25,,TTA1786,WASA Modernization and Wastewater Infrastructure Rehabilitation Program,TT-L1018,WASA Modernization and Wastewater Infrastructure Rehabilitation Program,WATER AND SANITATION,"Water, Sanitation & Waste",Loan Operation,International Competitive Bidding,IDB,,,,TRINIDAD AND TOBAGO,9345157.0,USD,SINOHYDRO CORPORATION LTD,中国水电股份有限公司,CN,CHINA,1,1,0,
2013,2013-07-31,,BOA6192,Cochabamba - La Paz Transmission Line,BO-L1072,Cochabamba - La Paz Transmission Line,NEW POWER DISTRIBUTION & TRANSMISSION PROJECTS,Infrastructure & Energy,Loan Operation,International Competitive Bidding,IDB,,,,BOLIVIA,11098913.0,USD,NANJING DAJI STELL TM,南京大吉钢铁有限公司,CN,CHINA,1,0,0,
2020,2020-03-24,,BRB4007,Program for the Expansion and Improvement of Specialized Health Care in the State of Ceará II – PROEXMAES II,BR-L1408,Program for the Expansion and Improvement of Specialized Health Care in the State of Ceará II – PROEXMAES II,HEALTH SYSTEM STRENGTHENING,Health,Loan Operation,Direct Contracting/Selection,IDB,,,,BRAZIL,16100000.0,USD,CHINA MEHECO CORPORATION,中国医药对外贸易总公司,CN,CHINA,1,1,0,
2014,2014-04-08,,CRA2561,Power Sector Development Program 2012-2016 (Reventazon Hydroelectric Project),CR-L1049,Power Sector Development Program 2012-2016 (Reventazon Hydroelectric Project),NEW HYDROPOWER PROJECTS,Infrastructure & Energy,Loan Operation,International Competitive Bidding,IDB,,,,COSTA RICA,16446412.0,USD,SUMEC COMPLETE EQUIPMENT,苏梅达集团股份有限公司,CN,CHINA,1,1,0,
2020,2020-03-28,,BRB4008,Program for the Expansion and Improvement of Specialized Health Care in the State of Ceará II – PROEXMAES II,BR-L1408,Program for the Expansion and Improvement of Specialized Health Care in the State of Ceará II – PROEXMAES II,HEALTH SYSTEM STRENGTHENING,Health,Loan Operation,Direct Contracting/Selection,IDB,,,,BRAZIL,18364360.0,USD,CHINA MEHECO CORPORATION,中国医药对外贸易总公司,CN,CHINA,1,1,0,
2017,2017-08-31,,GYB0991,Water Supply and Sanitation Infrastructure Improvement Program,GY-L1040,Water Supply and Sanitation Infrastructure Improvement Program,WATER SUPPLY URBAN,"Water, Sanitation & Waste",Loan Operation,International Competitive Bidding,IDB,,,,GUYANA,19262548.0,USD,SINOHYDRO CORPORATION LTD,中国水电股份有限公司,CN,CHINA,1,1,0,
2019,2019-05-15,,GYA0545,Power Utility Upgrade Program,GY-L1041,Power Utility Upgrade Program,ENERGY SECTOR REHABILITATION AND EFFICIENCY,Infrastructure & Energy,Loan Operation,International Competitive Bidding,IDB,,,,GUYANA,20106854.0,USD,CMC-CSEEC CONSORTIUM,中国机械工程-中国成套集团联合体,CN,CHINA,1,1,0,
2016,2016-12-29,,GYB0949,Power Utility Upgrade Program,GY-L1041,Power Utility Upgrade Program,ENERGY SECTOR REHABILITATION AND EFFICIENCY,Infrastructure & Energy,Loan Operation,International Competitive Bidding,IDB,,,,GUYANA,22343923.0,USD,CMC-CSEEC CONSORTIUM,中国机械工程-中国成套集团联合体,CN,CHINA,1,1,0,
2014,2014-08-11,,HAB1329,Support for Haiti's Transportation Sector III,HA-L1079,Support for Haiti's Transportation Sector III,MAJOR HIGHWAYS,Infrastructure & Energy,Grant Financing Product,International Competitive Bidding,IDB,,,,HAITI,28395815.0,USD,HONGYUAN CONSTRUCTION COM,宏远建设有限公司,CN,CHINA,1,1,0,
2016,2016-11-29,,ECA2766,Support to the transmission program in Ecuador,EC-L1117,Support to the transmission program in Ecuador,ENERGY INTEGRATION,Infrastructure & Energy,Loan Operation,International Competitive Bidding,IDB,,,,ECUADOR,32418068.0,USD,CHINA MACHINERY ENGINEERI,中国机械工程,CN,CHINA,1,1,0,
2016,2016-11-24,,ECA2768,Support to the transmission program in Ecuador,EC-L1117,Support to the transmission program in Ecuador,ENERGY INTEGRATION,Infrastructure & Energy,Loan Operation,International Competitive Bidding,IDB,,,,ECUADOR,33114890.0,USD,XIAN ELECTRIC ENGINEERING,西安电气工程,CN,CHINA,1,0,0,
2017,2017-08-14,,ECA2864,Investment Plan to Support the Transition of the Energy Matrix in Ecuador,EC-L1160,Investment Plan to Support the Transition of the Energy Matrix in Ecuador,ENERGY SECTOR REHABILITATION AND EFFICIENCY,"Industry, Trade & Finance",Loan Operation,International Competitive Bidding,IDB,,,,ECUADOR,39662921.0,USD,XIAN ELECTRIC ENGINEERING,西安电气工程,CN,CHINA,1,0,0,
2016,2016-05-09,,ECA2712,Support to the transmission program in Ecuador,EC-L1117,Support to the transmission program in Ecuador,ENERGY INTEGRATION,Infrastructure & Energy,Loan Operation,International Competitive Bidding,IDB,,,,ECUADOR,57225942.0,USD,SINOHYDRO CORPORATION LIM,中国水利水电建设有限公司,CN,CHINA,1,1,0,
2019,2019-11-27,,COB0796,Metro of Bogota First Line - First tranch,CO-L1234,Metro of Bogota First Line - First tranch,PUBLIC TRANSPORT (BUS / TRAIN / CABLE). INFRASTRUCTURE AND EQUIPMENT,Infrastructure & Energy,Loan Operation,International Competitive Bidding,IDB,,,,COLOMBIA,70000000.0,USD,METRO LINEA 1 S.A.S,第一地铁线公司,CN,CHINA,1,1,0,
2016,2016-10-12,,BOB0644,Segment Montero-Yapacaní from the double lane in the road Santa Cruz-Cochabamba,BO-L1075,Segment Montero-Yapacaní from the double lane in the road Santa Cruz-Cochabamba,TRANSPORT NETWORKS CONNECTIVITY,Digital Economy & ICT,Loan Operation,National Competive Bidding,IDB,,,,BOLIVIA,92463776.0,USD,SINOHYDRO CORPORATION LTD,中国水电股份有限公司,CN,CHINA,1,1,0,
2014,2014-11-17,,TTA1775,Multi-Phase Wastewater Rehabilitation Program- Phase I,TT-L1026,Multi-Phase Wastewater Rehabilitation Program- Phase I,SANITATION RURAL AND PERI-URBAN,"Water, Sanitation & Waste",Loan Operation,International Competitive Bidding,IDB,,,,TRINIDAD AND TOBAGO,97645284.0,USD,SINOHYDRO CORPORATION LTD,中国水电股份有限公司,CN,CHINA,1,1,0,
2014,2014-10-14,,VEB0747,Rehabilitation of Units 1 to 6 of Powerhouse I Simón Bolivar Hydroelectric Plant,VE-L1033,Rehabilitation of Units 1 to 6 of Powerhouse I Simón Bolivar Hydroelectric Plant,NEW HYDROPOWER PROJECTS,Infrastructure & Energy,Loan Operation,International Competitive Bidding,IDB,,,,VENEZUELA,474642084.0,USD,DONGFANG ELECTRIC,东方电气,CN,CHINA,1,0,0,
2025,2025-11-14,,BH-L1061-P00050-C01,The Bahamas Water Supply and Sanitation Systems Upgrade Program,BH-L1061,The Bahamas Water Supply and Sanitation Systems Upgrade Program,WATER AND SANITATION,"Water, Sanitation & Waste",Loan Operation,Shopping/Request for minimum 3 Quotations,IDB,,,,BAHAMAS,412.97,USD,Safety Custom,安全定制,CN,CHINA,1,0,0,
2024,2024-05-08,,SU-L1056-P00042-C01,Foreign Investment and Export Promotion Program,SU-L1056,Foreign Investment and Export Promotion Program,EXPORT AND INVESTMENT PROMOTION,"Industry, Trade & Finance",Loan Operation,Shopping/Request for minimum 3 Quotations,IDB,,,,SURINAME,8997.0,USD,Qianyou Information Technology (Wuhan) Co.,千友信息技术（武汉）有限公司,CN,CHINA,1,0,0,
2020,2020-09-22,,JAB0775,Security Strengthening Project,JA-L1074,Security Strengthening Project,CITIZEN SAFETY,Public Admin & Governance,Loan Operation,Others,IDB,,,,JAMAICA,9800.0,USD,NANJING SPEEDY LASER TECH,南京高速激光科技有限公司,CN,CHINA,1,1,0,
